地區,大廈名單,最後個案居住日期,相關疑似/確診個案
屯門,小欖村22號,,1571
黃大仙,慈康邨康健樓,,1572
葵青,長發邨亮發樓,,1573
葵青,荃灣帝盛酒店,,1574
油尖旺,君怡酒店,,1575
離島,香港天際萬豪酒店,,1576
觀塘,彩福邨彩歡樓,,1578
黃大仙,慈正邨正遠樓,,1579
深水埗,巴域居,,1581
屯門,三聖邨豐漁樓,,1582
黃大仙,鳳德邨黛鳳樓,,1583
沙田,美柏苑,,1584
北區,綠悠軒5座,,1585
黃大仙,慈樂邨樂誠樓,,1586
黃大仙,慈康邨康健樓,,1587
黃大仙,慈康邨康健樓,,1588
黃大仙,慈民邨民裕樓,,1589
西貢,峻瀅一期3座,,1590
西貢,旭輝臺2座,,1591
西貢,將軍澳中心5座,,1592
西貢,天晉2期2B座,,1593
西貢,善明邨善智樓,,1594
觀塘,寶達邨達怡樓,,1595
西貢,日出康城第2A期5座,,1596
黃大仙,彩虹邨丹鳳樓,,1597
黃大仙,毓華里8號永發大廈,,1598
黃大仙,慈正邨正暉樓,,1599
葵青,荃灣帝盛酒店,,1600
黃大仙,慈正邨正遠樓,,1601
黃大仙,東頭邨（二）貴東樓,,1602
黃大仙,慈安苑安欣閣,,1603
黃大仙,慈安苑安欣閣,,1604
黃大仙,慈正邨正和樓,,1605
黃大仙,慈康邨康德樓,,1607
西貢,相思灣53號,,1608
沙田,禾輋邨富和樓,,1610
深水埗,麗閣邨麗菊樓,,1611
黃大仙,彩虹邨錦雲樓,,1612
屯門,良景邨良俊樓,,1613
沙田,水泉澳邨月泉樓,,1615
深水埗,順景閣,,1616
荃灣,荃威花園E座,,1617
黃大仙,富山邨富信樓,,1618
九龍城,寶成洋樓,,1619
九龍城,寶成洋樓,,1620
九龍城,寶成洋樓,,1621
黃大仙,慈樂邨樂誠樓,,1622
九龍城,海濱南岸6座,,1623
九龍城,興仁街1號,,1624
九龍城,興仁街1號,,1625
黃大仙,慈正邨正怡樓,,1626
深水埗,喜雅一座,,1627
深水埗,喜雅一座,,1628
深水埗,德富大廈,,1629
黃大仙,鳳德邨斑鳳樓,,1630
元朗,洪福邨洪昌樓,,1631
黃大仙,橫頭磡邨宏安樓,,1632
九龍城,紅磡海逸豪園20座,,1633
黃大仙,香港九龍貝爾特酒店,,1633
沙田,隆亨邨慧心樓,,1634
沙田,錦泰苑錦邦閣,,1635
深水埗,元安大廈,,1636
黃大仙,慈正邨正暉樓,,1637
大埔,汀角路下坑,,1638
黃大仙,慈樂邨樂仁樓,,1639
黃大仙,慈樂邨樂誠樓,,1640
觀塘,翠屏(南)邨翠樂樓,,1641
屯門,良景邨良偉樓,,1642
黃大仙,慈正邨正泰樓,,1643
觀塘,祥和苑和健閣,,1644
深水埗,白田邨13座,,1647
沙田,禾輋邨富和樓,,1648
東區,興東邨興祖樓,,1649
葵青,長安邨安海樓,,1650
黃大仙,翠竹花園14座,,1651
荃灣,麗城花園2期1座,,1652
荃灣,荃威花園E座,,1653
屯門,富健花園9座,,1654
沙田,禾輋邨富和樓,,1655
大埔,汀角路下坑村,,1656
油尖旺,德利樓,,1657
油尖旺,金巴利大廈,,1658
黃大仙,高美樓,,1659
北區,雍盛苑雍萃閣,,1660
深水埗,順景閣,,1661
黃大仙,慈正邨正康樓,,1662
屯門,蝴蝶邨蝶聚樓,,1663
中西區,美菲閣2座,,1664
黃大仙,黃大仙上邨耀善樓,,1665
沙田,顯徑邨顯富樓,,1666
黃大仙,慈正邨正怡樓,,1667
黃大仙,觀鳳樓,,1668
黃大仙,慈雲山慈樂邨樂信樓,,1669
黃大仙,彩虹邨錦雲樓,,1671
觀塘,油麗邨雍麗樓,,1672
觀塘,麗晶花園1座,,1673
黃大仙,竹園南邨秀園樓,,1677
黃大仙,慈安苑安欣閣,,1679
黃大仙,順天邨天衡樓,,1680
黃大仙,鳳德邨硃鳳樓,,1681
黃大仙,慈雲山慈康邨康添樓,,1682
黃大仙,慈雲山慈康邨康添樓,,1683
葵青,葵芳邨葵仁樓,,1684
黃大仙,慈樂邨樂信樓,,1686
黃大仙,慈雲山慈愛苑愛聰閣,,1687
黃大仙,鳳德邨硃鳳樓,,1689
觀塘,麗晶花園1座,,1690
南區,石排灣邨碧園樓,,1691
大埔,運頭塘邨運亨樓,,1692
沙田,博康邨博泰樓,,1693
沙田,廣源邨廣棉樓,,1694
九龍城,德朗邨德珊樓,,1695
黃大仙,慈愛苑愛勤閣,,1698
黃大仙,沙田坳邨順田樓,,1699
南區,黃竹坑南朗山道29號,,1700
灣仔,譚臣道112號勝意大廈,,1701
黃大仙,慈愛苑愛勤閣,,1702
黃大仙,慈正邨正康樓,,1703
黃大仙,慈樂邨樂信樓,,1704
黃大仙,蒲英里2-8號慈華大廈,,1705
黃大仙,慈安苑安欣閣,,1706
東區,城市花園8座,,1707
南區,漁光村順風樓,,1708
黃大仙,沙田坳邨順田樓,,1709
黃大仙,坪石邨金石樓,,1710
元朗,鴻發大樓,,1712
沙田,博康邨博泰樓,,1713
深水埗,喜雅1座,,1714
油尖旺,通菜街17號,,1715
九龍城,九龍城道151號,,1716
油尖旺,金巴利大廈,,1717
黃大仙,永發大廈,,1718
黃大仙,慈康邨康添樓,,1719
黃大仙,慈樂邨樂信樓,,1720
油尖旺,海溢閣,,1721
黃大仙,鳳德邨碧鳳樓,,1722
九龍城,黃埔花園4期棕櫚苑6座,,1723
油尖旺,新填地街616號,,1724
灣仔,香港銅鑼灣皇冠假日酒店,,1725
黃大仙,鳳德邨黛鳳樓,,1726
九龍城,九龍城道157-159號寶成洋樓,,1727
黃大仙,慈正邨正安樓,,1728
黃大仙,慈愛苑愛寧閣,,1730
屯門,富泰邨秀泰樓,,1731
深水埗,麗翠苑麗榕閣,,1732
油尖旺,雲峰樓,,1733
屯門,山景邨景業樓,,1734
黃大仙,彩虹邨白雪樓,,1735
黃大仙,慈正邨正德樓,,1736
葵青,葵芳閣2座,,1737
觀塘,匯景花園2座,,1738
油尖旺,柯士甸道37號創德樓,,1739
黃大仙,竹園北邨桃園樓,,1740
沙田,新港城K座,,1741
觀塘,油麗邨雍麗樓,,1742
屯門,怡峰園5座,,1743
黃大仙,慈愛苑愛仁閣,,1744
東區,興華(一)邨興翠樓,,1745
油尖旺,奶路臣街1-1E號源發大廈,,1746
觀塘,德田邨德禮樓,,1747
黃大仙,海港花園3座,,1748
南區,海怡半島4期26座,,1749
黃大仙,竹園南邨貴園樓,,1750
西貢,裕明苑裕昌閣,,1751
西貢,曉嵐閣6座,,1752
九龍城,美景街2號美景樓一期,,1754
黃大仙,慈民邨民泰樓,,1755
黃大仙,慈愛苑愛勤閣,,1756
黃大仙,衍慶街2-32號新蒲崗大廈,,1757
黃大仙,彩雲邨星辰樓,,1758
深水埗,榮昌邨榮俊樓,,1759
九龍城,黃埔花園棕櫚苑6座,,1760
黃大仙,慈安苑安欣閣,,1761
沙田,錦鞍苑銀鞍閣,,1762
屯門,豐景園5座,,1763
黃大仙,慈正邨正安樓,,1764
九龍城,黃埔街18號,,1765
油尖旺,彌敦道312號美明大廈,,1766
黃大仙,彩輝邨彩華樓,,1767
油尖旺,安豪樓,,1768
黃大仙,海港花園3座,,1769
沙田,富嘉花園2座,,1770
油尖旺,中匯街33號中興樓,,1771
屯門,澤豐花園澤國樓,,1772
黃大仙,慈民邨民裕樓,,1773
黃大仙,橫頭磡邨宏基樓,,1774
黃大仙,慈愛苑愛仁閣,,1775
深水埗,麗翠苑麗森閣,,1776
九龍城,浩明雅苑,,1777
屯門,嘉悅半島2座,,1778
黃大仙,慈樂邨樂祥樓,,1779
九龍城,何文田邨綺文樓,,1780
觀塘,康柏苑龍柏閣,,1781
油尖旺,創德樓,,1783
沙田,頌安邨頌群樓,,1784
沙田,禾輋邨富和樓,,1785
黃大仙,慈愛苑愛寧閣,,1786
觀塘,牛頭角樂華(南)邨敏華樓,,1787
觀塘,彩福邨彩善樓,,1792
元朗,天恩邨恩穗樓,,1795
屯門,蝴蝶邨蝶聚樓,,1797
黃大仙,慈樂邨樂仁樓,,1798
油尖旺,月圓大廈,,1799
觀塘,觀塘花園大廈燕子樓,,1802
黃大仙,彩虹邨錦雲樓,,1804
觀塘,德田邨德盛樓,,1805
大埔,大埔中心一期1座,,1806
沙田,美松苑盛松閣,,1807
九龍城,德朗邨德璋樓,,1808
觀塘,啟業邨啟樂樓,,1809
油尖旺,香港喜來登酒店,,1811
西貢,馬游塘,,1812
深水埗,石硤尾邨美笙樓,,1813
葵青,綠悠雅苑第2座,,1814
葵青,綠悠雅苑第2座,,1815
深水埗,蘇屋邨荷花樓,,1817
葵青,石籬二邨石祥樓,,1818
黃大仙,慈正邨正安樓,,1819
油尖旺,廣東道959-973號廣興大廈,,1820
黃大仙,慈正邨正遠樓,,1832
油尖旺,廣東道847-865號 永發大廈,,1833
黃大仙,彩虹邨金碧樓,,1834
黃大仙,萬寶大廈,,1835
觀塘,啟業邨啟祥樓,,1836
油尖旺,梳士巴利道香港基督教青年會,,1837
灣仔,灣仔帝盛酒店,,1837
西貢,富寧花園4座,,1838
屯門,小欖村22號,,1839
黃大仙,慈樂邨樂天樓,,1841
黃大仙,翠竹花園2座,,1842
黃大仙,萬寶大廈,,1843
黃大仙,萬寶大廈,,1844
沙田,隆亨邨賞心樓,,1845
黃大仙,慈正邨正遠樓,,1846
沙田,錦鞍苑銀鞍閣,,1847
南區,石排灣邨碧月樓,,1848
灣仔,光明臺1座,,1849
葵青,麗瑤邨富瑤樓,,1850
觀塘,樂華北邨立華樓,,1853
觀塘,坪石邨黃石樓,,1854
深水埗,蘇屋邨百合樓,,1855
觀塘,德福花園D座,,1856
元朗,元朗安寧路順興樓,,1857
屯門,青山公路新墟段199號好勝大廈,,1858
荃灣,愉景新城8座,,1859
油尖旺,文耀樓後座,,1860
西貢,日出康城3期緻藍天5座,,1861
黃大仙,慈愛苑愛慧閣,,1862
觀塘,秀茂坪邨秀程樓,,1863
黃大仙,慈正邨正明樓,,1864
觀塘,秀茂坪邨秀程樓,,1865
黃大仙,星河明居C座,,1866
離島,滿東邨滿和樓,,1867
黃大仙,鳳德邨硃鳳樓,,1868
黃大仙,坪石邨翠石樓,,1869
東區,富澤花園富邦閣,,1870
觀塘,安泰邨智泰樓,,1871
東區,樂軒臺5座,,1872
東區,富澤花園富邦閣,,1873
觀塘,順天邨天柱樓,,1875
葵青,長青邨青松樓,,1876
觀塘,安達邨善達樓,,1877
東區,小西灣邨瑞明樓,,1878
元朗,鳳池村,,1879
黃大仙,慈愛苑愛仁閣,,1880
深水埗,石硤尾邨24座,,1881
離島,滿東邨滿和樓,,1882
大埔,帝欣苑30座,,1883
黃大仙,翠竹花園2座,,1884
北區,旭埔苑清湖閣,,1887
中西區,僑發大廈,,1888
中西區,翰林軒1座,,1889
元朗,屏欣苑屏彥閣,,1890
元朗,新時代廣場8座,,1891
荃灣,荃威花園E座,,1892
荃灣,荃威花園E座,,1893
屯門,海慧花園1座,,1894
荃灣,荃威花園E座,,1895
黃大仙,慈樂邨樂旺樓,,1896
觀塘,秀茂坪邨秀裕樓,,1897
西貢,都會駅5座,,1898
黃大仙,橫頭磡邨宏安樓,,1899
黃大仙,橫頭磡邨宏安樓,,1900
西貢,寶林邨寶德樓,,1902
觀塘,坪石邨翠石樓,,1903
觀塘,坪石邨藍石樓,,1904
觀塘,金龍園,,1905
沙田,錦豐苑錦萱閣,,1906
屯門,兆麟苑瑞麟閣,,1907
南區,田灣邨田麗樓,,1908
沙田,碧濤花園3期1座,,1909
油尖旺,香港喜來登酒店,,1910
西貢,富寧花園4座,,1912
離島,富豪機場酒店,,1914
黃大仙,慈樂邨樂祥樓,,1916
黃大仙,慈樂邨樂祥樓,,1917
九龍城,德豐樓,,1918
大埔,大埔中心1期1座,,1919
沙田,富嘉花園2座,,1920
觀塘,油麗邨雍麗樓,,1921
東區,城市花園8座,,1922
灣仔,金都洋樓,,1923
九龍城,福運大廈,,1924
油尖旺,中原樓,,1925
深水埗,海麗邨海慧樓,,1926
深水埗,偉業樓,,1927
深水埗,海麗邨海智樓,,1928
油尖旺,廣東道967號廣興大廈,,1929
黃大仙,海港花園3座,,1930
屯門,友愛邨愛義樓,,1931
沙田,利安邨利興樓,,1932
灣仔,金都洋樓,,1933
黃大仙,萬寶大廈,,1934
黃大仙,萬寶大廈,,1935
黃大仙,慈樂邨樂仁樓,,1936
深水埗,海麗邨海慧樓,,1937
黃大仙,竹園南邨貴園樓,,1939
黃大仙,彩雲(二)邨豐澤樓,,1940
深水埗,元安大廈,,1941
九龍城,愛民邨信民樓,,1942
南區,石排灣邨碧園樓,,1943
黃大仙,黃大仙下邨龍光樓,,1944
元朗,天頌苑頌波閣,,1945
北區,旭埔苑清湖閣,,1946
北區,彩園邨彩湖樓,,1947
沙田,美田邨美滿樓,,1948
西貢,景林邨景桃樓,,1949
深水埗,丰匯1座,,1950
沙田,欣安邨欣喜樓,,1951
東區,峻峰花園B座,,1952
元朗,俊宏軒4座,,1953
黃大仙,慈愛苑愛慧閣,,1954
黃大仙,慈樂邨樂誠樓,,1955
黃大仙,鳳德邨硃鳳樓,,1956
黃大仙,慈安苑安欣閣,,1958
黃大仙,慈樂邨樂祥樓,,1959
葵青,荃灣帝盛酒店,,1961
觀塘,彩德邨彩誠樓,,1962
黃大仙,慈安苑安欣閣,,1963
黃大仙,鳳德邨碧鳳樓,,1964
九龍城,家維邨家邦樓,,1965
觀塘,藍田邨藍蔚樓,,1966
觀塘,油麗邨康麗樓,,1967
九龍城,黃埔花園棕櫚苑1座,,1968
觀塘,康盈苑,,1969
黃大仙,采頤花園7座,,1970
大埔,廣褔邨廣祐樓,,1971
觀塘,秀茂坪邨秀景樓,,1972
觀塘,油塘邨貴塘樓,,1973
南區,石排灣邨碧園樓,,1974
北區,古洞燕崗村,,1975
觀塘,藍田邨藍暉樓,,1976
東區,小西灣邨瑞明樓,,1977
沙田,美城苑暉城閣,,1978
沙田,錦豐苑錦萱閣,,1979
黃大仙,彩虹邨錦雲樓,,1980
西貢,將軍澳村,,1981
西貢,馬游塘村,,1982
西貢,厚德邨德志樓,,1983
油尖旺,廣東道967號廣興大廈,,1984
油尖旺,廣東道967號廣興大廈,,1985
東區,小西灣邨瑞明樓,,1987
東區,峻峰花園B座,,1988
北區,新屋嶺村,,1989
西貢,日出康城首都1期5座,,1990
西貢,明德邨明覺樓,,1991
葵青,長亨邨亨俊樓,,1992
東區,太安樓,,1993
離島,滿東邨滿和樓,,1994
離島,滿東邨滿和樓,,1995
黃大仙,慈民邨民裕樓,,1996
深水埗,南邦樓,,1997
東區,峻峰花園B座,,1998
大埔,運頭塘邨運來樓,,1999
大埔,西澳村,,2000
油尖旺,創德樓,,2002
元朗,天盛苑盛彩閣,,2003
觀塘,彩德邨彩仁樓,,2004
屯門,山景邨景樂樓,,2005
黃大仙,鳳德邨硃鳳樓,,2006
黃大仙,慈民邨民健樓,,2007
黃大仙,橫頭磡邨宏基樓,,2008
黃大仙,彩虹邨翠瓊樓,,2009
黃大仙,啟德花園1座,,2010
觀塘,順天邨天柱樓,,2011
沙田,瀝源邨榮瑞樓,,2012
西貢,北港村,,2013
黃大仙,慈安苑安欣閣,,2014
油尖旺,帝柏海灣5座,,2016
屯門,翠濤居3座,,2017
荃灣,鹹田村43號,,2018
大埔,大埔廣場宜德閣,,2019
元朗,塘頭埔村,,2022
葵青,葵盛西邨10座,,2023
荃灣,悅來酒店,,2024
九龍城,黃埔花園紫荊苑11期5座,,2025
灣仔,波斯富大廈,,2026
西貢,日出康城緻藍天1座,,2027
葵青,葵涌大廈A座,,2028
西貢,健明邨明日樓,,2029
觀塘,油塘邨華塘樓,,2030
觀塘,曉光閣,,2031
黃大仙,彩虹邨翠瓊樓,,2032
深水埗,南昌邨昌謙樓,,2033
黃大仙,慈民邨民泰樓,,2034
黃大仙,慈樂邨樂仁樓,,2035
沙田,顯耀邨顯耀樓,,2036
九龍城,福運大廈,,2037
灣仔,禮加大樓,,2038
深水埗,麗閣邨麗芙樓,,2039
荃灣,海韻花園3座,,2040
葵青,長亨邨亨麗樓,,2041
深水埗,美孚新邨第6期,,2042
深水埗,麗閣邨麗芙樓,,2043
黃大仙,彩雲邨白鳳樓,,2044
大埔,大埔中心1座,,2045
元朗,嘉湖山莊翠湖居1座,,2046
油尖旺,最佳盛品酒店尖沙咀,,2047
黃大仙,慈民邨民裕樓,,2048
大埔,新峰花園19座,,2049
荃灣,石圍角邨石蓮樓,,2050
荃灣,海濱花園海豐閣,,2051
沙田,隆亨邨善心樓,,2052
北區,慧雯花園,,2053
葵青,葵涌邨合葵樓,,2054
黃大仙,鳳德邨黛鳳樓,,2055
深水埗,南昌街199號,,2056
深水埗,南昌街199號 鑽石樓,,2057
九龍城,海逸豪園3期12A座,,2058
九龍城,德朗邨德瑩樓,,2060
黃大仙,慈愛苑愛祥閣,,2061
東區,濱海大廈,,2062
葵青,長宏邨宏善樓,,2063
深水埗,營盤街130號 元安大廈,,2064
西貢,厚德邨德志樓,,2065
西貢,尚德邨尚義樓,,2066
大埔,塘面村,,2067
九龍城,德朗邨德琦樓,,2068
油尖旺,彌敦道240-252號,,2069
油尖旺,餘慶大廈,,2070
黃大仙,慈民邨民健樓,,2071
北區,慧雯花園,,2072
黃大仙,慈愛苑愛聰閣,,2073
西貢,厚德邨德志樓,,2074
沙田,新翠邨新儀樓,,2075
北區,慧雯花園,,2077
北區,龍豐花園A座,,2078
觀塘,翠屏北邨翠楣樓,,2079
黃大仙,慈民邨民裕樓,,2080
元朗,洪福邨洪盛樓,,2083
屯門,福亨村,,2084
屯門,新慶村,,2085
黃大仙,慈正邨正和樓,,2086
離島,富東邨東馬樓,,2087
離島,海堤灣畔1座,,2088
深水埗,美孚新邨1期23座,,2089
油尖旺,金勳大廈,,2089
大埔,大元邨泰樂樓,,2090
東區,海山樓,,2091
元朗,永泰樓,,2092
黃大仙,志蓮道5號,,2093
黃大仙,坪石邨金石樓,,2094
黃大仙,慈正邨正和樓,,2098
沙田,耀安邨耀平樓,,2099
油尖旺,寶來大廈,,2100
沙田,水泉澳邨林泉樓,,2101
黃大仙,竹園北邨桃園樓,,2102
觀塘,平田邨平真樓,,2103
黃大仙,竹園南邨趣園樓,,2104
黃大仙,竹園南邨趣園樓,,2105
葵青,長亨邨亨翠樓,,2106
黃大仙,慈樂邨樂旺樓,,2107
九龍城,黃埔花園棕櫚苑4期6座,,2108
九龍城,龍譽2B座,,2109
九龍城,龍譽2B座,,2110
南區,華富1邨華光樓,,2111
南區,華富邨華翠樓,,2112
觀塘,坪石邨金石樓,,2113
黃大仙,慈樂邨樂誠樓,,2114
九龍城,定安大廈E座,,2115
九龍城,黃埔花園紫荊苑11期5座,,2116
黃大仙,竹園北邨橡園樓,,2117
屯門,大興邨興平樓,,2119
大埔,富亨邨亨昌樓,,2120
黃大仙,慈康邨康潤樓,,2121
黃大仙,慈康邨康秀樓,,2122
西貢,明德邨明道樓,,2123
觀塘,寶珮苑寶瑤閤,,2124
葵青,石籬一邨石俊樓高座,,2125
元朗,鳳池村,,2126
葵青,石籬二邨石欣樓,,2127
深水埗,荔枝角道338號,,2128
黃大仙,峻弦3座,,2129
九龍城,浩明雅苑,,2131
黃大仙,鳳德邨硃鳳樓,,2132
灣仔,堅尼地道88號A座,,2133
灣仔,箕璉坊32號,,2134
觀塘,順利邨利恆樓,,2135
沙田,美田邨美樂樓,,2136
葵青,美景花園10座,,2137
黃大仙,慈康邨康德樓,,2138
黃大仙,慈正邨正明樓,,2139
西貢,廣明苑廣賢閣,,2140
觀塘,油塘邨美塘樓,,2141
深水埗,北河街34號,,2142
油尖旺,漾日居1座,,2143
東區,東欣苑歡欣閣,,2144
九龍城,海逸豪園8座,,2145
沙田,錦龍苑龍悅樓,,2146
油尖旺,富榮花園15座,,2147
油尖旺,國強大厦,,2148
油尖旺,荔枝角道15-21號,,2149
沙田,錦豐苑錦薇閣,,2150
沙田,耀安邨耀和樓,,2151
九龍城,崇廉樓,,2152
屯門,建生邨康生樓,,2153
屯門,卓爾居3座,,2154
屯門,山景邨景樂樓,,2155
屯門,山景邨景美樓,,2156
北區,大元村,,2157
觀塘,觀塘晨星樓,,2158
沙田,新翠邨新月樓,,2159
黃大仙,慈樂邨樂旺樓,,2160
黃大仙,慈樂邨樂旺樓,,2161
元朗,加州花園紅花徑,,2162
西貢,明德邨明覺樓,,2163
觀塘,油美苑濤美閣,,2164
油尖旺,美麗都大廈,,2165
北區,翠麗花園1座,,2166
北區,榮福中心2座,,2167
觀塘,金龍園,,2168
灣仔,德華大廈,,2169
屯門,大欖涌村101號,,2170
屯門,富健花園7座,,2171
元朗,塘坊村8號,,2172
觀塘,油塘邨美塘樓,,2173
黃大仙,慈康邨康德樓,,2174
九龍城,海逸豪園20座,,2175
屯門,卓爾居3座,,2176
屯門,卓爾居3座,,2177
北區,天平邨天美樓,,2178
北區,富榮大廈,,2179
沙田,大圍嘉順苑,,2180
九龍城,海逸豪園8座,,2181
荃灣,荃威花園E座,,2182
西貢,彩明苑彩富閣,,2183
離島,海堤灣畔1座,,2185
深水埗,大南街190號,,2186
黃大仙,慈安苑安欣閣,,2187
九龍城,海逸豪園3期悅濤灣8座,,2188
油尖旺,西貢街19號,,2189
九龍城,家維邨家邦樓,,2190
黃大仙,樂富邨宏逸樓,,2191
九龍城,愛民邨信民樓,,2192
黃大仙,威豪花園2座,,2194
油尖旺,海富苑海裕閣,,2195
葵青,長亨邨亨翠樓,,2196
深水埗,澤安邨榮澤樓,,2197
九龍城,黃埔花園4期6座,,2198
東區,太古城翠湖台鄱陽閣,,2200
黃大仙,慈愛苑愛寧閣,,2202
油尖旺,帝柏海灣5座,,2203
油尖旺,帝柏海灣5座,,2204
油尖旺,立信大廈,,2205
九龍城,德豐樓,,2206
黃大仙,譽．港灣8庢,,2207
黃大仙,黃大仙下邨龍光樓,,2210
元朗,天恩邨恩穗樓,,2213
黃大仙,黃大仙下邨龍光樓,,2214
油尖旺,仁安大廈B座,,2221
荃灣,海韻花園3座,,2222
灣仔,德華大廈,,2223
沙田,美田邨美全樓,,2224
屯門,香港黃金海岸二期32座,,2226
深水埗,榮昌邨榮俊樓,,2228
黃大仙,慈樂邨樂祥樓,,2230
油尖旺,大同新邨大公樓,,2231
九龍城,嶺南大廈,,2233
沙田,海福花園2座,,2236
油尖旺,帝京酒店,,2236
黃大仙,慈民邨民泰樓,,2237
元朗,俊宏軒4座,,2238
油尖旺,鑽石樓,,2240
沙田,乙明邨明耀樓,,2241
沙田,濱景花園2座,,2242
九龍城,露明道4號,,2243
大埔,海日灣海曦閣B2,,2244
油尖旺,大同新邨大公樓,,2245
葵青,長青邨青松樓,,2247
葵青,荔景紀律部隊宿舍三座,,2248
油尖旺,大同新邨大方樓,,2249
沙田,隔田村,,2250
東區,富雅花園金楓閣,,2253
屯門,新墟村,,2254
沙田,碩門邨美碩樓,,2255
油尖旺,廣東道廣福大廈,,2256
黃大仙,慈愛苑愛祥閣,,2257
黃大仙,慈樂邨樂旺樓,,2259
油尖旺,嘉文花園3座,,2260
沙田,乙明邨明恩樓,,2262
葵青,葵馥苑樂葵樓,,2264
葵青,梨木道葵寶大廈,,2265
南區,石排灣邨碧綠樓,,2266
沙田,欣安邨欣喜樓,,2267
灣仔,軒尼詩道軒尼詩大廈,,2268
深水埗,石硤尾邨美映樓,,2269
深水埗,石硤尾邨美亮樓,,2270
黃大仙,樂富邨宏逸樓,,2272
黃大仙,慈樂邨樂誠樓,,2273
葵青,盈翠半島12座,,2274
黃大仙,東頭(二)邨興東樓,,2275
油尖旺,寶來大廈,,2276
九龍城,家維邨家邦樓,,2277
黃大仙,慈正邨正安樓,,2278
黃大仙,慈正邨正安樓,,2279
屯門,田景邨田樂樓,,2280
油尖旺,荔枝角道15-21號,,2281
西貢,翠林邨彩林樓,,2282
觀塘,安達邨善達樓,,2283
北區,龍豐花園A座,,2284
黃大仙,慈樂邨樂安樓,,2285
元朗,朗善邨善愛樓,,2286
元朗,朗善邨善愛樓,,2287
屯門,兆禧苑順禧閣,,2288
元朗,錦上路謝屋村,,2289
葵青,葵涌邨合葵樓,,2290
深水埗,荔枝閣,,2292
深水埗,荔枝閣,,2293
九龍城,海逸豪園3期12A座,,2296
九龍城,海逸豪園3期12A座,,2297
東區,富雅花園金楓閣,,2299
九龍城,龍譽 2B 座,,2300
黃大仙,慈愛苑愛華閣,,2301
沙田,耀安邨耀和樓,,2302
黃大仙,慈民邨民裕樓,,2303
沙田,水泉澳邨映泉樓,,2304
沙田,嘉順苑,,2306
觀塘,晨光大廈,,2308
觀塘,高翔苑高康閣,,2309
沙田,嘉順苑,,2310
北區,新屋嶺村,,2312
北區,粉嶺名都富臨閣,,2313
屯門,兆畦苑兆富閣,,2316
元朗,塘坊村,,2317
屯門,大興邨興泰樓,,2319
觀塘,彩德邨彩敬樓,,2320
黃大仙,慈正邨正明樓,,2321
九龍城,港圖灣,,2322
葵青,荃灣帝盛酒店,,2324
九龍城,黃埔街18號,,2327
觀塘,彩福邨彩善樓,,2328
深水埗,南邦樓,,2329
西貢,富寧花園6座,,2330
葵青,長青邨青柏樓,,2332
九龍城,翔龍灣5座,,2333
屯門,山景邨景華樓,,2334
元朗,朗善邨善愛樓,,2335
九龍城,翔龍灣5座,,2337
九龍城,春田街福運大廈,,2338
大埔,龍尾村,,2339
觀塘,安達邨謙達樓,,2340
觀塘,坪石邨藍石樓,,2341
深水埗,喜漾2座,,2342
黃大仙,慈正邨正康樓,,2345
東區,健康邨三期棕樹樓,,2347
沙田,美松苑麗松閣,,2348
黃大仙,慈正邨正康樓,,2349
葵青,葵馥苑樂葵樓,,2350
大埔,大南樓,,2351
灣仔,德華大廈,,2352
灣仔,德華大廈,,2353
東區,碧麗閣A座,,2354
北區,粉嶺名都富臨閣,,2355
北區,永寧村,,2357
深水埗,元州街鴻裕大廈,,2358
西貢,對面海村,,2359
油尖旺,嘉文花園3座,,2360
觀塘,萬和花園大廈,,2362
黃大仙,慈正邨正康樓,,2363
黃大仙,慈正邨正康樓,,2364
沙田,耀安邨耀平樓,,2365
觀塘,彩德邨彩仁樓,,2369
黃大仙,彩雲(一)邨星辰樓,,2370
黃大仙,彩輝邨彩華樓,,2371
屯門,卓爾居3座,,2374
油尖旺,花園街110號,,2375
觀塘,業運工業大廈,,2376
屯門,彩華花園D座,,2377
黃大仙,慈正邨正康樓,,2378
黃大仙,彩雲(一)邨星辰樓,,2379
黃大仙,慈安苑安欣閣,,2380
屯門,兆康苑兆昌閣,,2381
灣仔,德華大廈,,2382
葵青,荃灣帝盛酒店,,2383
東區,濱海街中興大廈,,2386
灣仔,冠景樓,,2387
葵青,象山邨秀山樓,,2388
葵青,青泰苑通泰閣,,2389
深水埗,大埔道43號,,2390
葵青,葵馥苑樂葵閣,,2391
沙田,乙明邨明耀樓,,2392
北區,大元村,,2393
西貢,富寧花園6座,,2396
黃大仙,慈民邨民裕樓,,2397
屯門,欣田邨悅田樓,,2398
屯門,大欖涌村,,2399
屯門,兆康苑兆基閣,,2400
沙田,恆安邨恆峰樓,,2401
灣仔,箕璉坊 32 號,,2402
灣仔,箕璉坊 32 號,,2403
沙田,隆亨邨榮心樓,,2404
沙田,隆亨邨榮心樓,,2405
黃大仙,樂富邨宏逸樓,,2406
油尖旺,百安大廈B座,,2409
葵青,IPLACE,,2410
黃大仙,慈樂邨樂天樓,,2411
灣仔,皇悅酒店,,2411
西貢,茵怡花園4座,,2412
觀塘,牛頭角下邨貴新樓,,2413
沙田,隔田村公廟,,2414
油尖旺,友和大樓,,2416
西貢,翠林邨欣林樓,,2417
深水埗,又一居29座,,2418
深水埗,又一居29座,,2419
葵青,長安邨安江樓,,2420
屯門,友愛邨愛信樓,,2421
黃大仙,黃大仙下邨龍昌樓,,2423
油尖旺,帝柏海灣第五座,,2424
觀塘,油塘邨美塘樓,,2425
灣仔,箕璉坊 32 號,,2426
東區,杏花邨第１座,,2427
北區,大元村,,2429
沙田,錦豐苑錦薇閣,,2430
深水埗,怡閣苑怡康閣,,2431
黃大仙,牛池灣西村,,2432
沙田,顯徑邨顯慶樓,,2433
九龍城,旺德大廈,,2434
屯門,友愛邨愛明樓,,2435
屯門,恒福花園第７座,,2436
黃大仙,竹園北邨橡園樓,,2437
黃大仙,樂富邨宏逸樓,,2438
九龍城,衙前圍道122號,,2439
觀塘,秀茂坪邨秀慧樓,,2440
深水埗,營盤街128號元安大廈,,2441
葵青,長發邨敬發樓,,2442
荃灣,石圍角邨石蓮樓,,2443
油尖旺,國强大廈,,2444
黃大仙,彩虹邨翠瓊樓,,2446
葵青,葵寶大廈,,2447
九龍城,德朗邨德瑞樓,,2448
觀塘,秀茂坪邨秀慧樓,,2449
觀塘,玉蓮臺2座,,2450
黃大仙,彩虹邨翠瓊樓,,2451
油尖旺,百通大樓,,2452
沙田,美松苑麗松閣,,2453
觀塘,油翠苑溢美閣,,2454
屯門,友愛邨愛信樓,,2455
屯門,友愛邨愛信樓,,2456
屯門,湖景邨湖暉樓,,2457
屯門,景峰花園5座,,2458
屯門,友愛邨愛信樓,,2459
黃大仙,慈愛苑愛聰閣,,2460
沙田,穗禾苑慶宏閣,,2461
黃大仙,竹園北邨桃園樓,,2462
屯門,友愛邨愛信樓,,2465
觀塘,彩盈邨盈樂樓,,2467
東區,富雅花園金楓閣,,2468
東區,東勝樓,,2469
九龍城,碧華花園3座,,2470
觀塘,德福花園D座,,2472
黃大仙,譽‧港灣8座,,2473
油尖旺,寶來大廈,,2474
油尖旺,油麻地救護站,,2475
九龍城,何文田邨適文樓,,2476
屯門,黃家圍一台104、105、106、107、114、115地下及112-113號,,2477
西貢,清水灣半島8座,,2478
西貢,富寧花園 6 座,,2479
黃大仙,慈樂邨樂信樓,,2480
深水埗,元州街174-188號鴻裕大廈,,2481
深水埗,青山道141號,,2482
深水埗,青山道141號,,2483
觀塘,啟業邨啟裕樓,,2484
南區,香港瑞思酒店,,2485
大埔,宏福苑宏盛閣,,2486
屯門,康恩園,,2488
西貢,廣明苑廣昌閣,,2489
沙田,愉田苑愉群閣,,2491
屯門,富泰邨秀泰樓,,2493
油尖旺,弼街38號利發大樓,,2495
觀塘,順利紀律部隊宿舍5座,,2496
東區,東駿苑金駿閣,,2497
觀塘,寶達邨達佳樓,,2498
觀塘,安達邨愛達樓,,2499
黃大仙,彩輝邨彩華樓,,2502
西貢,頌明苑賢明閣,,2503
黃大仙,慈民邨民健樓,,2505
沙田,隆亨邨榮心樓,,2506
油尖旺,好安樓,,2507
油尖旺,先施大廈,,2508
荃灣,象山邨秀山樓,,2509
黃大仙,宏景花園3座,,2510
觀塘,啟業邨啟盛樓,,2511
黃大仙,鳳德邨黛鳳樓,,2512
黃大仙,翠竹花園7座,,2513
葵青,葵盛東邨盛逸樓,,2514
灣仔,寶明大廈,,2522
觀塘,彩盈邨盈順樓,,2523
觀塘,悦品海景酒店,,2524
觀塘,樂華南邨安華樓,,2525
觀塘,油麗邨秀麗樓,,2526
九龍城,黃埔花園棕櫚苑4期棕櫚苑6座,,2527
沙田,美田邨美滿樓,,2528
沙田,恆峰花園3座,,2529
黃大仙,慈愛苑愛寧閣,,2530
中西區,西環邨中苑臺,,2531
中西區,西環邨中苑臺,,2532
荃灣,石圍角邨石蓮樓,,2533
葵青,青宏苑宏裕閣,,2534
西貢,香港九龍東智選假日酒店,,2535
西貢,廣明苑廣昌閣,,2537
油尖旺,梳士巴利道香港基督教青年會,,2538
元朗,屏山坑頭村,,2539
沙田,海栢花園2座,,2540
屯門,泥圍,,2541
元朗,壆圍村,,2542
屯門,黃家圍一台104、105、106、107、114、115地下及112-113號,,2543
觀塘,德田邨德義樓,,2544
中西區,康威花園A座,,2546
黃大仙,彩輝邨彩葉樓,,2547
北區,祥華邨祥景樓,,2548
北區,上水圍,,2549
沙田,錦泰苑錦晶閣,,2550
深水埗,富昌邨富旺樓,,2551
元朗,天耀邨耀澤樓,,2552
灣仔,百旺都中心,,2559
深水埗,大南街190號,,2560
屯門,田景邨田敦樓,,2562
灣仔,寶明大廈,,2567
黃大仙,峻弦1座,,2569
黃大仙,慈愛苑愛富閣,,2570
西貢,頌明苑嘉明閣,,2571
西貢,將軍澳廣場2座,,2572
觀塘,翠屏南邨翠松樓,,2573
觀塘,安泰大樓,,2574
九龍城,大龍樓,,2575
北區,彩園邨彩華樓,,2576
九龍城,馬頭圍邨芙蓉樓,,2577
觀塘,彩盈邨盈樂樓,,2578
沙田,名城3期3座,,2579
沙田,嘉順苑,,2580
沙田,瀝源邨榮瑞樓,,2581
北區,榮福中心2座,,2582
沙田,美田邨美滿樓,,2583
南區,華富邨華泰樓,,2584
葵青,長安邨安江樓,,2585
屯門,黃家圍一台104、105、106、107、114、115地下及112-113號,,2586
屯門,黃家圍一台104、105、106、107、114、115地下及112-113號,,2587
屯門,黃家圍一台104、105、106、107、114、115地下及112-113號,,2588
屯門,黃家圍一台104、105、106、107、114、115地下及112-113號,,2589
屯門,黃家圍一台104、105、106、107、114、115地下及112-113號,,2590
屯門,黃家圍一台104、105、106、107、114、115地下及112-113號,,2591
屯門,黃家圍一台104、105、106、107、114、115地下及112-113號,,2592
黃大仙,彩虹邨翠瓊樓,,2593
觀塘,琼林大廈,,2594
東區,柴灣邨灣畔樓,,2595
深水埗,南昌邨昌謙樓,,2596
屯門,景峰花園5座,,2597
屯門,景峰花園5座,,2598
元朗,峻巒1B期7B座,,2599
屯門,悅湖山莊4座,,2600
葵青,荔景邨樂景樓,,2602
觀塘,業運工業大廈,,2603
深水埗,元州街華興大廈,,2604
黃大仙,慈正邨正康樓,,2606
深水埗,富昌邨富旺樓,,2607
西貢,寶明苑寶柏閣,,2608
沙田,世界花園龍柏閣,,2609
觀塘,油美苑灝美閣,,2610
葵青,長亨邨亨麗樓,,2611
九龍城,偉華園,,2613
黃大仙,銀鳳街41號,,2615
深水埗,美孚新邨6期,,2616
大埔,大埔中心19座,,2617
黃大仙,慈民邨民健樓,,2619
屯門,藍地福亨村16號,,2620
油尖旺,中原樓,,2622
觀塘,曉光閣,,2623
荃灣,海韻花園,,2624
西貢,彩明苑彩榮閣,,2627
北區,祥華邨祥景樓,,2632
北區,彩園邨彩華樓,,2633
沙田,恒峰花園3座,,2634
西貢,南豐廣場1座,,2635
葵青,長亨邨亨緻樓,,2640
九龍城,愛民邨嘉民樓,,2641
黃大仙,慈樂邨樂旺樓,,2643
灣仔,禮加大樓,,2644
觀塘,油塘邨榮塘樓,,2647
葵青,長青邨青松樓,,2648
屯門,慎成大廈,,2649
黃大仙,采頤花園5座,,2650
黃大仙,慈康邨康添樓,,2651
深水埗,寶熙苑富熙閣,,2652
黃大仙,慈康邨康添樓,,2653
荃灣,樂悠居,,2654
觀塘,油塘邨榮塘樓,,2656
東區,新成大樓,,2657
東區,海澄大廈,,2658
元朗,好景洋樓,,2659
黃大仙,峻弦1座,,2661
西貢,富寧花園6座,,2662
南區,華富邨(二)華翠樓,,2663
灣仔,聯利大廈,,2664
觀塘,牛頭角上邨常滿樓,,2666
深水埗,大南街190號,,2668
西貢,日出康城2B期領峯6座,,2669
西貢,將軍澳廣場2座,,2670
北區,尼斯花園22座,,2671
北區,粉嶺圍,,2672
黃大仙,翠鳳樓,,2673
黃大仙,峻弦1座,,2675
東區,耀東邨耀興樓,,2677
東區,耀東邨耀輝樓,,2678
深水埗,麗安邨麗正樓,,2679
觀塘,觀塘花園大廈喜鵲樓,,2680
觀塘,牛頭角上邨常滿樓,,2681
東區,明月大廈,,2682
沙田,穗禾苑慶宏閣,,2683
屯門,山景邨景美樓,,2684
葵青,葵馥苑安葵閣,,2686
南區,石排灣邨碧綠樓,,2687
深水埗,大埔道77號,,2688
元朗,天晴邨晴悅樓,,2688
荃灣,安富大廈,,2689
觀塘,彩德邨彩仁樓,,2691
北區,新健街19號,,2692
沙田,新翠邨新芳樓,,2693
黃大仙,鳳德邨黛鳳樓,,2694
大埔,汀角路第6約1211S.D.地段大南樓地下A、B、C、D及E舖及四樓A室,,2695
大埔,運頭塘邨運臨樓,,2696
沙田,恆安邨恆山樓,,2697
大埔,新達廣場6座,,2698
葵青,盈翠半島1期3A座,,2699
深水埗,澤安邨榮澤樓,,2700
屯門,黃家圍一台104、105、106、107、114、115地下及112-113號,,2701
屯門,黃家圍一台104、105、106、107、114、115地下及112-113號,,2702
屯門,黃家圍一台104、105、106、107、114、115地下及112-113號,,2703
屯門,黃家圍一台104、105、106、107、114、115地下及112-113號,,2704
屯門,黃家圍一台104、105、106、107、114、115地下及112-113號,,2705
元朗,白沙村,,2706
屯門,田景邨田樂樓,,2707
屯門,黃家圍一台104、105、106、107、114、115地下及112-113號,,2708
觀塘,樂華南邨安華樓,,2709
黃大仙,翠竹花園7座,,2711
深水埗,德富大廈,,2712
南區,華富(二)邨華翠樓,,2713
東區,愛東邨愛逸樓,,2714
沙田,恆安邨恆山樓,,2716
油尖旺,利發大樓,,2717
九龍城,黃埔花園棕櫚苑4期2座,,2718
九龍城,溫思勞街19號,,2720
油尖旺,威華大廈,,2721
元朗,天盛苑盛賢閣,,2722
油尖旺,尖沙咀消防局職員宿舍,,2723
黃大仙,鳳德邨黛鳳樓,,2724
西貢,富寧花園6座,,2725
觀塘,興達大廈,,2726
元朗,天澤邨澤星樓,,2727
深水埗,東京街嘉利閣,,2728
北區,榮福中心2座,,2729
葵青,石籬一邨石俊樓高座,,2730
葵青,荃灣帝盛酒店,,2731
深水埗,興隆大廈,,2732
油尖旺,香港瑰麗酒店,,2733
油尖旺,香港瑰麗酒店,,2734
沙田,世界花園龍柏閣,,2735
黃大仙,慈康邨康健樓,,2736
觀塘,順天邨天榮樓,,2737
黃大仙,慈愛苑愛仁閣,,2738
西貢,彩明苑彩柳閣,,2739
北區,祥華邨祥景樓,,2740
北區,永寧村,,2741
葵青,石籬二邨石富樓,,2742
黃大仙,翠鳳樓,,2743
深水埗,基隆街254號,,2744
屯門,黃家圍一台104、105、106、107、114、115地下及112-113號,,2745
屯門,黃家圍一台104、105、106、107、114、115地下及112-113號,,2747
屯門,黃家圍一台104、105、106、107、114、115地下及112-113號,,2748
屯門,黃家圍一台104、105、106、107、114、115地下及112-113號,,2749
屯門,黃家圍一台104、105、106、107、114、115地下及112-113號,,2750
元朗,天晴邨晴悅樓,,2752
中西區,西環邨中苑臺,,2753
離島,索罟灣涌尾,,2755
屯門,黃家圍一台104、105、106、107、114、115地下及112-113號,,2756
沙田,雲疊花園6座,,2757
黃大仙,慈愛苑愛聰閣,,2758
屯門,兆麟苑嘉麟閣,,2759
屯門,山景邨景美樓,,2760
荃灣,海濱花園海霞閣,,2761
黃大仙,鳳德邨碧鳳樓,,2762
屯門,海翠花園1座,,2763
大埔,富善邨善美樓,,2764
黃大仙,彩虹邨碧海樓,,2766
中西區,城紫蘭樓,,2767
中西區,寶翠閣B座,,2768
北區,帝庭軒2座,,2770
深水埗,美孚新邨5期,,2771
屯門,倚嶺南庭,,2773
西貢,頌明苑冠明閣,,2775
觀塘,寶珮苑寶瑤閣,,2776
觀塘,寶珮苑寶瑤閣,,2777
黃大仙,鳳德邨黛鳳樓,,2778
黃大仙,鳳德邨黛鳳樓,,2779
離島,諾富特東薈城酒店,,2780
九龍城,雅麗居2座,,2783
屯門,建生邨泰生樓,,2784
屯門,建生邨泰生樓,,2785
黃大仙,德強苑德賢閣,,2786
東區,高山台富山閣,,2787
東區,耀東邨耀福樓,,2788
沙田,美林邨美楓樓,,2789
東區,興東邨興豐樓,,2790
西貢,上洋,,2791
黃大仙,翠竹花園13座,,2792
屯門,黃家圍一台104、105、106、107、114、115地下及112-113號,,2793
屯門,黃家圍一台104、105、106、107、114、115地下及112-113號,,2794
油尖旺,大同新邨大公樓,,2795
北區,榮福中心2座,,2796
黃大仙,慈康邨康秀樓,,2797
觀塘,德福花園D座,,2798
觀塘,萬和花園大廈,,2799
觀塘,萬和花園大廈,,2800
西貢,對面海村,,2801
西貢,對面海村,,2802
黃大仙,竹園北邨松園樓,,2803
黃大仙,竹園北邨松園樓,,2804
葵青,荃灣帝盛酒店,,2805
元朗,天澤邨澤星樓,,2806
觀塘,翠屏(南)邨翠松樓,,2807
黃大仙,竹園北邨桃園樓,,2808
觀塘,油塘中心2座,,2809
東區,環翠邨利翠樓,,2810
九龍城,天鑄1期7座,,2811
觀塘,啟業邨啟盛樓,,2812
西貢,富寧花園4座,,2813
沙田,隔田村公廟,,2815
沙田,恒峰花園3座,,2816
沙田,恒峰花園3座,,2817
沙田,錦豐苑錦葵閣,,2818
屯門,寶田邨1座,,2819
屯門,黃家圍一台104、105、106、107、114、115地下及112-113號,,2820
黃大仙,竹園北邨松園樓,,2821
荃灣,海濱花園海明閣,,2822
油尖旺,龍堡國際,,2823
東區,佳翠苑顯翠閣,,2824
南區,利東邨東安樓,,2825
葵青,盈翠半島1期3A座,,2826
葵青,IPLACE,,2827
黃大仙,慈安苑安欣閣,,2828
觀塘,油翠苑溢美閣,,2829
觀塘,啟業邨啟盛樓,,2830
北區,旭埔苑清湖閣,,2831
觀塘,高俊苑俊茂閣,,2832
觀塘,寶珮苑寶翠閣,,2833
黃大仙,慈康邨康添樓,,2834
黃大仙,慈愛苑愛仁閣,,2835
黃大仙,慈愛苑愛仁閣,,2836
黃大仙,采頤花園1座,,2837
荃灣,安富大廈,,2838
觀塘,油塘邨榮塘樓,,2839
觀塘,翠屏(北)邨翠楣樓,,2840
屯門,友愛邨愛明樓,,2841
屯門,黃家圍一台 104、105、106、107、114、115 地下及 112-113 號,,2842
元朗,錦安花園40座,,2843
黃大仙,黃大仙上邨昭善樓,,2844
觀塘,樂雅苑雅意閣,,2845
葵青,葵馥苑安葵閣,,2846
九龍城,何文田邨欣文樓,,2847
東區,高山臺富山閣,,2848
觀塘,寶珮苑寶翠閣,,2849
觀塘,啓業邨啓盛樓,,2850
西貢,明德邨明覺樓,,2851
西貢,日出康城領都6座,,2852
觀塘,彩德邨彩亮樓,,2853
大埔,富亨邨亨昌樓,,2854
灣仔,嘉景臺,,2855
黃大仙,慈安苑安欣閣,,2856
灣仔,軒尼詩大廈,,2857
灣仔,樂滿大廈,,2858
北區,松柏塱,,2859
北區,松柏塱,,2860
北區,松柏塱,,2861
元朗,天晴邨晴喜樓,,2862
大埔,新達廣場 6 座,,2863
葵青,IPLACE,,2865
南區,香港仔中心海龍閣,,2866
沙田,嘉順苑,,2868
大埔,荔枝山村,,2870
大埔,荔枝山村,,2871
元朗,洪福邨洪盛樓,,2875
油尖旺,裕耀工廠大廈,,2876
葵青,葵聯邨聯逸樓,,2877
荃灣,爵悅庭南爵軒,,2878
九龍城,奧斯酒店,,2879
油尖旺,香港海景絲麗酒店,,2880
黃大仙,慈樂邨樂仁樓,,2881
黃大仙,仁愛大廈,,2882
葵青,葵芳邨葵喜樓,,2883
黃大仙,慈正邨正德樓,,2884
油尖旺,富榮花園11座,,2886
黃大仙,坪石邨藍石樓,,2888
屯門,恒福花園7座,,2889
黃大仙,竹園南邨麗園樓,,2890
黃大仙,成功樓,,2891
東區,康澤花園D座,,2894
元朗,元崗村,,2895
黃大仙,慈民邨民裕樓,,2896
黃大仙,彩虹邨碧海樓,,2897
葵青,華荔邨喜荔樓,,2898
深水埗,大元樓,,2899
九龍城,愛民邨衛民樓,,2900
油尖旺,永星大廈,,2901
觀塘,秀茂坪邨秀和樓,,2902
黃大仙,山慈樂邨樂合樓,,2903
油尖旺,永星大廈,,2904
油尖旺,康樂大廈,,2905
九龍城,聯盛大廈龍圖閣,,2906
灣仔,富樂樓,,2907
東區,逸樺園1座,,2908
觀塘,彩福邨彩樂樓,,2909
葵青,長青邨青松樓,,2910
東區,逸樺園1座,,2911
北區,粉嶺圍,,2912
北區,旭埔苑清湖閣,,2913
黃大仙,慈正邨正康樓,,2915
荃灣,大窩口邨富貴樓,,2918
荃灣,海濱花園海逸閣,,2919
黃大仙,慈樂邨樂滿樓,,2920
黃大仙,豪苑2座,,2921
深水埗,白田邨13座,,2923
深水埗,鴻裕大廈A座,,2924
深水埗,鴻裕大廈A座,,2925
東區,杏花邨5座,,2927
葵青,IPLACE,,2928
南區,華富(二)邨華泰樓,,2929
離島,逸東邨雍逸樓,,2932
深水埗,麗安邨麗正樓,,2933
黃大仙,沙田坳邨和田樓,,2934
九龍城,環海．東岸1A座,,2935
黃大仙,慈民邨民裕樓,,2936
黃大仙,慈民邨民裕樓,,2937
屯門,黃家圍,,2938
屯門,大興邨興偉樓,,2939
屯門,黃家圍一台104、105、106、107、114、115地下及112-113號,,2940
屯門,黃家圍一台104、105、106、107、114、115地下及112-113號,,2941
屯門,黃家圍一台104、105、106、107、114、115地下及112-113號,,2942
屯門,田景邨田樂樓,,2943
東區,杏花邨1座,,2944
灣仔,軒尼詩大廈,,2945
西貢,日出康城領峯6座,,2946
觀塘,寶達邨達怡樓,,2947
荃灣,梨木樹邨康樹樓,,2949
離島,索罟灣涌尾,,2950
觀塘,寶珮苑寶珊閣,,2951
沙田,顯徑邨顯慶樓,,2952
西貢,將軍澳廣場3座,,2953
大埔,運頭塘邨運臨樓,,2954
屯門,黃家圍一台104、105、106、107、114、115地下及112-113號,,2955
元朗,嘉湖山莊樂湖居6座,,2956
屯門,倚嶺南庭,,2957
屯門,倚嶺南庭,,2958
屯門,兆畦苑兆強閣,,2962
元朗,天逸邨逸灣樓,,2963
屯門,欣田邨逸田樓,,2964
屯門,倚嶺南庭,,2965
屯門,倚嶺南庭,,2966
元朗,南坑村,,2967
元朗,蝶翠峰3座,,2968
元朗,蝶翠峰3座,,2969
屯門,欣田邨逸田樓,,2970
東區,碧麗閣A座,,2972
觀塘,鯉安苑鯉景閣,,2973
九龍城,太平花園,,2974
大埔,運頭塘邨運臨樓,,2976
九龍城,黃埔街18號,,2978
東區,富怡花園5座,,2979
黃大仙,翠竹花園13座,,2980
灣仔,樂滿大廈,,2982
中西區,西環邨中苑臺,,2983
元朗,斌逸雅苑12座,,2985
九龍城,土瓜灣道1號,,2986
南區,華富(一)邨華樂樓,,2987
屯門,青磚圍路188號,,2988
屯門,兆畦苑兆強閣,,2989
西貢,都會駅7座,,2990
黃大仙,翠竹花園9座,,2990
北區,粉嶺一號橋,,2991
沙田,名城1期3座,,2992
深水埗,麗閣邨麗薇樓,,2993
黃大仙,慈樂邨樂祥樓,,2994
元朗,大橋村,,2995
觀塘,安達邨誠達樓,,2996
葵青,長青邨青柏樓,,2997
油尖旺,大同新邨大公樓,,2999
黃大仙,慈正邨正明樓,,3000
油尖旺,M+ Hotel,,3001
黃大仙,慈安苑安欣閣,,3002
屯門,屯門市中心 定食8 (非住宅),01/07/2020,"1402, 1403"
屯門,香港內河碼頭 建榮飯堂 (非住宅),02/07/2020,"1269, 1427, 1432, 1490"
觀塘,坪石邨玉石樓 彬記粥麵美食 (非住宅),04/07/2020,"1269, 1283, 1291, 1297, 1322, 1361, 1388, 1414, 1456, 1457, 1728, 1752, 1904"
油尖旺,文英街26-28號 新發茶餐廳 (非住宅),05/07/2020,"1289, 1301, 1317, 1324, 1329, 1396, 1438, 1449"
黃大仙,彩雲商場 彩龍皇宮大酒樓 (非住宅),07/07/2020,"1361, 1397"
沙田,瀝源商場 富東閣海鮮酒家 (非住宅),07/07/2020,"1372, 1434"
沙田,禾輋廣場 金百滬 (非住宅),07/07/2020,"1372, 1434"
東區,城市花園商場 （城市中心） (非住宅),08/07/2020,"1390, 1447, 1870"
元朗,宏豐大廈 (非住宅),09/07/2020,"1428, 1482"
黃大仙,華懋工業大廈 (非住宅),09/07/2020,"1635, 1642, 1738, 1747, 1831, 1889, 1990, 1987"
黃大仙,毓華里12-14號 時代冰室 (非住宅),10/07/2020,"1358, 1359, 1702"
西貢,東港城 壹匯中菜廳 (非住宅),10/07/2020,"1453, 1590"
北區,深圳灣出入境管制站 (非住宅),11/07/2020,"1445, 2142"
黃大仙,慈雲山中心 森美奧厨房 (非住宅),11/07/2020,"1520, 2120"
葵青,荔景紀律部隊宿舍 (非住宅),11/07/2020,"1770, 1838, 1841, 1842, 1862, 1912, 1920, 1933, 1954"
葵青,新都會廣場 潮庭 (非住宅),11/07/2020,"1770, 1838, 1841, 1842, 1862, 1912, 1920, 1933, 1954"
深水埗,石硤尾邨19座 (非住宅),12/07/2020,2204
黃大仙,蒲明里6、8、10、12號及蒲惠里11號 (非住宅),12/07/2020,"1310, 1311, 1312, 1321, 1408, 1410, 1591, 1659"
黃大仙,德望中學 (非住宅),12/07/2020,"1375, 1429, 1437, 1592"
深水埗,黃金商場 潮福蒸氣火鍋 (非住宅),12/07/2020,"1435, 1931, 1980"
黃大仙,毓華街42號 (非住宅),12/07/2020,"1445, 1841"
黃大仙,萬年戲院大廈 (非住宅),12/07/2020,"1507, 1508"
元朗,元朗廣場 (非住宅),12/07/2020,"1540, 1712"
西貢,海傍街27號 富雅海鮮酒家 (非住宅),12/07/2020,"2147, 2427"
北區,嘉里貨倉 (上水) (非住宅),13/07/2020,2230
黃大仙,慈雲山中心 薀莎餐廳 (非住宅),13/07/2020,"1477, 1514, 1517, 1534, 1555, 1567, 1569, 1572, 1666, 1744, 1757, 1802, 1819, 2187, 2636"
西貢,寶林商場 (非住宅),13/07/2020,"1501, 1558"
灣仔,中國海外大廈 (非住宅),13/07/2020,"1584, 1622"
屯門,山景商場 (非住宅),13/07/2020,"1734, 2005"
黃大仙,慈雲山中心 大家樂 (非住宅),14/07/2020,"1514, 1586, 1622, 1756, 1917"
黃大仙,鳳德商場 稻香超級漁港 (非住宅),14/07/2020,"1586, 1689, 1798"
黃大仙,嗇色園社會服務大樓 (非住宅),14/07/2020,"1589, 1841"
油尖旺,雅蘭中心 稻香 (非住宅),14/07/2020,"1632, 1652, 1765, 1774, 1820, 1832, 1931, 1975, 1978, 2036, 2053, 2060, 2072, 2089, 2136, 2152, 2159, 2189, 2255, 2260, 2273, 2327, 2334, 2394, 2409, 2412, 2486, 2547, 2877"
觀塘,創紀之城1期渣打中心 (非住宅),14/07/2020,"1749, 1752"
葵青,青衣城1期 (非住宅),14/07/2020,"1751, 1902"
深水埗,又一城 EXP (非住宅),15/07/2020,1594
沙田,積富樓 (非住宅),15/07/2020,1634
荃灣,荃景圍胡忠游泳池 (非住宅),15/07/2020,1642
灣仔,明豐大廈 大快活 (非住宅),15/07/2020,1649
葵青,長發廣場 (非住宅),15/07/2020,1650
油尖旺,金巴利大廈 (非住宅),15/07/2020,1657
觀塘,觀塘道382號 (非住宅),15/07/2020,1703
東區,柯達大廈2座 (非住宅),15/07/2020,1706
沙田,博康商場 (非住宅),15/07/2020,1713
沙田,沙角商場 大快活 (非住宅),15/07/2020,1713
屯門,V-city 八月花 (非住宅),15/07/2020,1734
沙田,新港城中心(4期) (非住宅),15/07/2020,1741
中西區,勵精中心 (非住宅),15/07/2020,1745
中西區,誠利商場 (非住宅),15/07/2020,1745
油尖旺,余仁生中心 (非住宅),15/07/2020,1747
九龍城,土瓜灣定安大廈 (非住宅),15/07/2020,1754
九龍城,唯一大廈 (非住宅),15/07/2020,1754
深水埗,富昌商場 麥當勞 (非住宅),15/07/2020,1759
中西區,堅尼地城社區綜合大樓 (非住宅),15/07/2020,1759
中西區,聯友新樓 佳記餐廳 (非住宅),15/07/2020,1759
中西區,同興樓 豪景茶餐廳 (非住宅),15/07/2020,1759
屯門,華都商場 轉角 (非住宅),15/07/2020,1772
油尖旺,先施大廈 (非住宅),15/07/2020,1781
觀塘,展華樓 (非住宅),15/07/2020,1787
黃大仙,新華樓 (非住宅),15/07/2020,1798
油尖旺,海溢閣 (非住宅),15/07/2020,1833
荃灣,香港港安醫院 - 荃灣 (非住宅),15/07/2020,1836
葵青,長康邨康和樓 (非住宅),15/07/2020,1876
北區,彩園廣場 大家樂 (非住宅),15/07/2020,1887
中西區,聯發商業中心 (非住宅),15/07/2020,1888
西貢,寶琳邨寶寧樓 (非住宅),15/07/2020,1902
沙田,頌安商場 百匯軒 (非住宅),15/07/2020,1906
灣仔,縉景台 (非住宅),15/07/2020,1909
油尖旺,廣東道565號 (非住宅),15/07/2020,1924
灣仔,新鴻基中心 (非住宅),15/07/2020,1931
油尖旺,利興大廈 (非住宅),15/07/2020,1934
觀塘,Megabox Ruby Tuesday (非住宅),15/07/2020,1990
西貢,西貢動物醫院 (非住宅),15/07/2020,2000
黃大仙,樂富廣場 元氣壽司 (非住宅),15/07/2020,2008
深水埗,美葵樓 百份百餐廳 (非住宅),15/07/2020,2011
灣仔,保良局金銀業貿易場張凝文學校 (非住宅),15/07/2020,2026
油尖旺,恒成大廈 (非住宅),15/07/2020,2041
北區,龍豐花園 稻香 (非住宅),15/07/2020,2053
油尖旺,月圓大廈 (非住宅),15/07/2020,2101
葵青,涌美村 (非住宅),15/07/2020,2137
油尖旺,康宏廣場 (非住宅),15/07/2020,2170
深水埗,美居中心 麥當勞 (非住宅),15/07/2020,2201
黃大仙,慈雲山中心 手作功夫茶 (非住宅),15/07/2020,2202
荃灣,荃新天地 (非住宅),15/07/2020,2204
屯門,龍門居 (非住宅),15/07/2020,2254
深水埗,長沙灣天主教英文中學 (非住宅),15/07/2020,2483
南區,香港仔大道198-200號 果然冰室 (非住宅),15/07/2020,2485
灣仔,玉滿樓 (非住宅),15/07/2020,2490
觀塘,寶達商埸 (非住宅),15/07/2020,2498
葵青,錦華大廈 (非住宅),15/07/2020,2730
觀塘,坪石邨商場 富港酒家 (非住宅),15/07/2020,"1414, 1710, 1869, 2094"
觀塘,坪石邨街市 (非住宅),15/07/2020,"1455, 1710"
沙田,雲疊花園商場 (非住宅),15/07/2020,"1497, 1694"
九龍城,播道醫院 (非住宅),15/07/2020,"1730, 1786, 1896"
屯門,屯門市廣場 稻成小館 (非住宅),15/07/2020,"1772, 1778"
東區,協興工業大廈 (非住宅),15/07/2020,"1878, 2212"
深水埗,福僑大樓 (非住宅),15/07/2020,"1907, 1997"
西貢,天晉匯 東南加 (非住宅),16/07/2020,1593
元朗,交通廣場 百份百餐廳 (非住宅),16/07/2020,1613
九龍城,工業貿易大樓 (非住宅),16/07/2020,1617
黃大仙,佛教孔先洲紀念中學 (非住宅),16/07/2020,1637
黃大仙,嘉諾撒小學(新蒲崗) (非住宅),16/07/2020,1637
黃大仙,荷里活廣場 麥當勞 (非住宅),16/07/2020,1637
黃大仙,香港神託會培敦中學 (非住宅),16/07/2020,1637
黃大仙,斧山道運動場 (非住宅),16/07/2020,1640
葵青,長安邨安濤樓 (非住宅),16/07/2020,1650
荃灣,香港港安醫院 (非住宅),16/07/2020,1654
油尖旺,仕德福酒店 (非住宅),16/07/2020,1718
荃灣,萬景峯1座 (非住宅),16/07/2020,1732
屯門,屯門市廣場 牛一 (非住宅),16/07/2020,1734
屯門,屯門市廣場 太平洋咖啡 (非住宅),16/07/2020,1734
觀塘,Gravity (非住宅),16/07/2020,1742
西貢,翠林新城 喜悅皇宮 (非住宅),16/07/2020,1759
東區,藍灣廣場 (非住宅),16/07/2020,1764
屯門,屯門時代廣場 ‎ 板長壽司 (非住宅),16/07/2020,1778
屯門,蝴蝶廣場 (非住宅),16/07/2020,1797
屯門,海趣坊 大快活 (非住宅),16/07/2020,1797
葵青,石籬商場(第2期) (非住宅),16/07/2020,1818
油尖旺,國際廣場 (非住宅),16/07/2020,1833
油尖旺,旺角綜合大樓 (非住宅),16/07/2020,1833
灣仔,康樂商業大廈 (非住宅),16/07/2020,1849
中西區,嘉寶大廈 (非住宅),16/07/2020,1888
九龍城,祥祺中心Ａ座 (非住宅),16/07/2020,1888
黃大仙,慈雲山中心 譚仔三哥米線 (非住宅),16/07/2020,1896
觀塘,麗晶商場 (非住宅),16/07/2020,1898
觀塘,坪石邨 麥當勞 (非住宅),16/07/2020,1904
深水埗,南邦大廈 (非住宅),16/07/2020,1907
元朗,天慈邨天麗苑 (非住宅),16/07/2020,1907
南區,東華三院賽馬會復康中心B座 (非住宅),16/07/2020,1908
灣仔,成功樓 滾得棧 (非住宅),16/07/2020,1909
油尖旺,一盛大廈 (非住宅),16/07/2020,1941
葵青,新都會廣場 麥當勞 (非住宅),16/07/2020,1973
黃大仙,彩虹邨 愛群快餐店 (非住宅),16/07/2020,1980
西貢,李達三葉耀珍伉儷李本俊會議大樓 (非住宅),16/07/2020,1991
油尖旺,彌敦道238號 (非住宅),16/07/2020,2011
屯門,仁愛街市 (非住宅),16/07/2020,2017
葵青,葵芳地鐵站 (非住宅),16/07/2020,2023
荃灣,富榮大廈 (非住宅),16/07/2020,2024
深水埗,永康街63號 Global Gateway Tower (非住宅),16/07/2020,2031
深水埗,大南街345號 (非住宅),16/07/2020,2039
觀塘,九龍灣工業中心 九龍冰室 (非住宅),16/07/2020,2071
九龍城,獅子石道17號 (非住宅),16/07/2020,2103
葵青,長亨邨商場 (非住宅),16/07/2020,2106
沙田,新港城中心 (非住宅),16/07/2020,2146
油尖旺,百匯軒 (非住宅),16/07/2020,2149
屯門,大興商場 大家樂 (非住宅),16/07/2020,2156
北區,北區運動場 (非住宅),16/07/2020,2166
油尖旺,The One (非住宅),16/07/2020,2441
觀塘,APM (非住宅),16/07/2020,2450
觀塘,清水灣道8號 匯八坊 (非住宅),16/07/2020,"1322, 1597, 1710, 1869, 2094"
黃大仙,聖母醫院 (非住宅),16/07/2020,"1331, 1815, 2187"
觀塘,清水灣道8號匯八坊 大家樂 (非住宅),16/07/2020,"1394, 1523, 1624, 1904"
觀塘,坪石邨玉石樓 (非住宅),16/07/2020,"1597, 1904"
灣仔,灣仔政府大樓 (非住宅),16/07/2020,"1653, 2039, 2042"
九龍城,寰宇殯儀館 (非住宅),16/07/2020,"1693, 1713"
油尖旺,太子道西113號 西記粥店 (非住宅),16/07/2020,"1724, 1799"
油尖旺,長榮大廈 (非住宅),16/07/2020,"1771, 2380"
油尖旺,漢興大廈 (非住宅),17/07/2020,1673
油尖旺,雅蘭中心一期 (非住宅),17/07/2020,1687
觀塘,楊耀松第五工業大廈 (非住宅),17/07/2020,1687
東區,理文商業中心 百匯軒 (非住宅),17/07/2020,1707
中西區,永和街和興商業大廈 (非住宅),17/07/2020,1730
中西區,華秦國際大廈 (非住宅),17/07/2020,1745
中西區,萬安商業大廈 (非住宅),17/07/2020,1745
灣仔,軒尼詩道310-312號 快樂蜂 (非住宅),17/07/2020,1749
中西區,中國工商銀行大廈 (非住宅),17/07/2020,1749
離島,香港國際機場一號客運大樓 (非住宅),17/07/2020,1754
東區,海關總部大樓 (非住宅),17/07/2020,1769
屯門,香港屯門貝爾特酒店 (非住宅),17/07/2020,1772
屯門,華都商場E-Mo Korean Restaurant (非住宅),17/07/2020,1778
黃大仙,如意樓 (非住宅),17/07/2020,1779
葵青,新都會廣場 (非住宅),17/07/2020,1820
黃大仙,龍蟠苑商場 (非住宅),17/07/2020,1866
荃灣,荃灣千色匯I (非住宅),17/07/2020,1867
黃大仙,曉暉花園5座 (非住宅),17/07/2020,1869
北區,彩園邨彩屏樓 (非住宅),17/07/2020,1887
九龍城,海逸豪園23座 (非住宅),17/07/2020,1904
東區,海峰園高峰閣 (非住宅),17/07/2020,1909
灣仔,皇室堡 東海薈• 拉斐特 (非住宅),17/07/2020,1909
灣仔,銅鑼灣街市 (非住宅),17/07/2020,1923
深水埗,合興工業大廈 (非住宅),17/07/2020,1934
沙田,新城市廣場 翠園 (非住宅),17/07/2020,1937
北區,彩園廣場 (非住宅),17/07/2020,1946
油尖旺,港鐵旺角東站 美心MX (非住宅),17/07/2020,1951
油尖旺,MPM文華商場 沙嗲王 (非住宅),17/07/2020,1959
黃大仙,彩虹道街市熟食中心 (非住宅),17/07/2020,1962
黃大仙,德慈樓 新昌燒臘飯店 (非住宅),17/07/2020,1963
中西區,歷山大廈 (非住宅),17/07/2020,1977
灣仔,金朝陽中心 (非住宅),17/07/2020,1979
沙田,馬鞍山廣場 (非住宅),17/07/2020,2000
屯門,錦薈坊 (非住宅),17/07/2020,2017
屯門,屯門市廣場2期 錦麗 (非住宅),17/07/2020,2017
深水埗,昇悅商場 (非住宅),17/07/2020,2018
灣仔,東角中心 (非住宅),17/07/2020,2032
灣仔,珠城大廈 (非住宅),17/07/2020,2038
灣仔,時代廣場 (非住宅),17/07/2020,2038
油尖旺,彌敦酒店 稻香 (非住宅),17/07/2020,2089
九龍城,昇御門 (非住宅),17/07/2020,2102
觀塘,協和大廈 (非住宅),17/07/2020,2124
灣仔,香港警察總部 (非住宅),17/07/2020,2164
沙田,東華三院馮黃鳳亭中學 (非住宅),17/07/2020,2178
深水埗,黃金電腦商場 (非住宅),17/07/2020,2186
深水埗,石安大廈 (非住宅),17/07/2020,2186
油尖旺,港威商場 (非住宅),17/07/2020,2192
荃灣,荃灣千色匯 稻香．茶居 (非住宅),17/07/2020,2196
油尖旺,港鐵奧運站 (非住宅),17/07/2020,2204
油尖旺,埃華街91-93號 晴苑泰國菜 (非住宅),17/07/2020,2231
深水埗,時尚華庭 (非住宅),17/07/2020,2249
油尖旺,金馬倫里1-9號 (非住宅),17/07/2020,2250
屯門,錦華商場 (非住宅),17/07/2020,2254
油尖旺,興利大廈 (非住宅),17/07/2020,2260
油尖旺,美麗華廣場2期 (非住宅),17/07/2020,2263
觀塘,彩德商場 (非住宅),17/07/2020,2320
觀塘,一號九龍 (非住宅),17/07/2020,2376
灣仔,華懋世紀廣場 (非住宅),17/07/2020,2382
深水埗,白田邨11座 (非住宅),17/07/2020,2652
深水埗,石硤尾邨服務設施大樓 (非住宅),17/07/2020,2652
九龍城,香港浸信會醫院 (非住宅),17/07/2020,"1314, 1364, 1557, 1644, 1779, 2008"
黃大仙,慈雲山中心 百匯軒 (非住宅),17/07/2020,"1365,1393, 1424, 1425, 1515, 1538, 1607,1662, 1666, 2035, 2086, 2187"
東區,太古城中心 (非住宅),17/07/2020,"1376, 1752"
油尖旺,力寶太陽廣場 (非住宅),17/07/2020,"1623, 1975"
黃大仙,慈雲山中心 中心點 (非住宅),17/07/2020,"1686, 1936, 2160, 2161"
觀塘,坪石邨商場 大快活 (非住宅),17/07/2020,"1710, 1854, 1904, 2094"
油尖旺,旺角政府合署 (非住宅),17/07/2020,"1799, 1951"
荃灣,愉景新城 (非住宅),17/07/2020,"1859, 2204"
元朗,形點 I Pizza Express (非住宅),17/07/2020,"1903, 1996"
深水埗,中國宏興大廈 (非住宅),17/07/2020,"2018, 2169"
深水埗,九龍廣場 星藝廚坊 (非住宅),17/07/2020,"2031, 2035"
黃大仙,黃大仙中心 (非住宅),17/07/2020,"2201, 2380"
油尖旺,圓方 (非住宅),18/07/2020,1715
油尖旺,裕旺大廈 (非住宅),18/07/2020,1715
九龍城,大利大廈 檀香山茶餐廳 (非住宅),18/07/2020,1723
九龍城,黃埔天地 博藝會 (非住宅),18/07/2020,1723
屯門,富泰街市 (非住宅),18/07/2020,1731
屯門,富泰商場 (非住宅),18/07/2020,1731
屯門,屯門市廣場3期 (非住宅),18/07/2020,1731
東區,太古城中心3期 (非住宅),18/07/2020,1738
油尖旺,萬事昌廣場 (非住宅),18/07/2020,1739
觀塘,興運工業大廈 (非住宅),18/07/2020,1744
觀塘,觀點中心 (非住宅),18/07/2020,1744
觀塘,成運工業大廈 泰坊 (非住宅),18/07/2020,1744
油尖旺,利達行 肯德基 (非住宅),18/07/2020,1762
觀塘,大本營 Euro go go (非住宅),18/07/2020,1781
觀塘,大本營 薩莉亞餐廳 (非住宅),18/07/2020,1781
觀塘,啟田商場 臨記車仔麵 (非住宅),18/07/2020,1781
觀塘,廣田商場 大家樂 (非住宅),18/07/2020,1781
觀塘,溢財中心 (非住宅),18/07/2020,1781
觀塘,平田商場 百分百餐廳 (非住宅),18/07/2020,1781
油尖旺,南洋中心 富士山55 (非住宅),18/07/2020,1784
黃大仙,慈雲山中心 麗都軒 (非住宅),18/07/2020,1786
觀塘,德田街巿 (非住宅),18/07/2020,1805
九龍城,晴朗商場 金鳳大餐廳 (非住宅),18/07/2020,1808
油尖旺,九龍佑寧堂 (非住宅),18/07/2020,1809
油尖旺,德信學校 (非住宅),18/07/2020,1809
葵青,青怡薈 (非住宅),18/07/2020,1814
油尖旺,漢中大廈 (非住宅),18/07/2020,1837
油尖旺,騏生商業中心 (非住宅),18/07/2020,1837
油尖旺,香港藝術館 INK Seafood Bar & Eatery (非住宅),18/07/2020,1837
荃灣,香車街街市 (非住宅),18/07/2020,1859
深水埗,西九龍中心 煌府 (非住宅),18/07/2020,1864
中西區,勝基中心 (非住宅),18/07/2020,1864
黃大仙,鳳德邨銀鳳樓 (非住宅),18/07/2020,1868
黃大仙,彩雲(二)邨啟輝樓 (非住宅),18/07/2020,1875
觀塘,順天邨天璣樓 (非住宅),18/07/2020,1875
東區,和富中心 (非住宅),18/07/2020,1896
東區,電氣道134號 (非住宅),18/07/2020,1909
灣仔,維峰 ASAP As Simple As Possible (非住宅),18/07/2020,1909
油尖旺,汝州街垃圾收集站 (非住宅),18/07/2020,1919
灣仔,海城洋樓 東坡豬手麵 (非住宅),18/07/2020,1923
油尖旺,華興大廈 莎娃迪卡 (非住宅),18/07/2020,1941
九龍城,昭民樓 愛民茶餐廳 (非住宅),18/07/2020,1942
油尖旺,The One 東海薈 · 拉斐特 (非住宅),18/07/2020,1942
沙田,京瑞廣場二期 富臨皇宮 (非住宅),18/07/2020,1948
大埔,美心食品廠 (非住宅),18/07/2020,1951
元朗,天澤服務設施大樓 (非住宅),18/07/2020,1953
黃大仙,萬年戲院大廈 敘苑粉麵茶餐廳 (非住宅),18/07/2020,1959
西貢,日出康城首都 (非住宅),18/07/2020,1990
屯門,新屯門商場 (非住宅),18/07/2020,2017
屯門,屯門市廣場1期 名點屋 (非住宅),18/07/2020,2017
深水埗,基隆街255號 番茄師兄 (非住宅),18/07/2020,2027
元朗,柏慧豪園1座 (非住宅),18/07/2020,2027
灣仔,聖保祿醫院 (非住宅),18/07/2020,2029
大埔,大宏街1-3號 (非住宅),18/07/2020,2045
深水埗,百老匯街25號 美味小廚茶餐廳 (非住宅),18/07/2020,2089
油尖旺,太子道西偉興大廈 (非住宅),18/07/2020,2117
葵青,青衣邨商場 (非住宅),18/07/2020,2137
葵青,青怡薈 金裝燉奶佬餐廳 (非住宅),18/07/2020,2137
油尖旺,高氏大廈 雞蛋屋 (非住宅),18/07/2020,2146
油尖旺,歐美廣場 (非住宅),18/07/2020,2146
元朗,天耀二邨耀華樓 (非住宅),18/07/2020,2157
沙田,沙田商業中心 (非住宅),18/07/2020,2159
屯門,友愛邨愛勇樓 (非住宅),18/07/2020,2168
九龍城,黃埔新天地百寶坊 (非住宅),18/07/2020,2175
屯門,翠林花園 翠林茶餐廳 (非住宅),18/07/2020,2177
屯門,翠林花園 輝記潮州粉麵 (非住宅),18/07/2020,2177
北區,沙頭角農莊 (非住宅),18/07/2020,2178
九龍城,家維商場 (非住宅),18/07/2020,2190
元朗,水邊圍邨山水樓 (非住宅),18/07/2020,2192
九龍城,獅子石道19-21號 地茂館燒味粥麵餐廳 (非住宅),18/07/2020,2243
油尖旺,亞太中心 (非住宅),18/07/2020,2249
荃灣,荃新天地 牛陣 (非住宅),18/07/2020,2263
九龍城,九龍維景酒店 棕櫚閣西餐廳 (非住宅),18/07/2020,2289
黃大仙,長樂樓 (非住宅),18/07/2020,2303
觀塘,駱駝漆大廈第3座 泰麵 (非住宅),18/07/2020,2376
九龍城,龍珠商場 七妹美食 (非住宅),18/07/2020,2395
深水埗,常福大廈 (非住宅),18/07/2020,2419
油尖旺,新東海商業中心 (非住宅),18/07/2020,2498
油尖旺,尖沙嘴中心 Outback (非住宅),18/07/2020,2498
沙田,金禧商場 大家樂 (非住宅),18/07/2020,2528
荃灣,金熊工業中心 (非住宅),18/07/2020,2652
大埔,榮暉花園商場 明星皇宮 (非住宅),18/07/2020,2782
黃大仙,慈雲山中心 翠河餐廳 (非住宅),18/07/2020,"1425, 1430, 1440, 1444, 1445, 1484, 1519, 1531, 1532, 1555, 1586, 1605, 1744, 1756, 1841, 1844, 2130, 2636, 2187"
沙田,仁安醫院 (非住宅),18/07/2020,"1483, 1584, 1848, 2028"
黃大仙,慈雲山中心 大快活 (非住宅),18/07/2020,"1491, 1699, 1744"
九龍城,聖德肋撒醫院 (非住宅),18/07/2020,"1513, 2243"
油尖旺,惠豐中心 (非住宅),18/07/2020,"1542, 2000"
黃大仙,現崇山商場 彩晶軒 (非住宅),18/07/2020,"1607, 1876"
黃大仙,荷里活廣場 (非住宅),18/07/2020,"1665, 1845, 2024, 2139"
深水埗,西九龍法院大樓B座 (非住宅),18/07/2020,"1672, 1864"
黃大仙,雙鳳街街市 (非住宅),18/07/2020,"1681, 1862"
屯門,華都商場 (非住宅),18/07/2020,"1734, 2192"
油尖旺,安年大廈 九記打冷.小菜.粉麵 (非住宅),18/07/2020,"1739, 1839"
油尖旺,始創中心 潮‧悅 (非住宅),18/07/2020,"1768, 1962"
中西區,海富中心1座 (非住宅),18/07/2020,"1864, 1740"
西貢,新都城中心2期 (非住宅),18/07/2020,"1902, 1949"
沙田,頌安商場 (非住宅),18/07/2020,"1906, 1979"
黃大仙,鳳德商場 (非住宅),18/07/2020,"1956, 1689, 1963, 1773, 1868"
東區,長匯工業大廈 (非住宅),18/07/2020,"1988, 2144"
西貢,日出康城第8期 (非住宅),18/07/2020,"2071, 2206"
西貢,將軍澳廣場 太興 (非住宅),18/07/2020,"2071, 2206"
油尖旺,上海街13號 來多碗車仔麵 (非住宅),19/07/2020,1783
觀塘,彩德商場 龍記餐廳 (非住宅),19/07/2020,1792
觀塘,怡生工業中心 (非住宅),19/07/2020,1792
沙田,村南道51號 紅茶冰室 (非住宅),19/07/2020,1807
沙田,新貿中心A座 (非住宅),19/07/2020,1807
沙田,好運中心 (非住宅),19/07/2020,1807
沙田,沙田廣場 譚仔三哥米線 (非住宅),19/07/2020,1807
灣仔,東超商業中心 (非住宅),19/07/2020,1807
沙田,愉翠商場 一粥麵 (非住宅),19/07/2020,1807
深水埗,蘇屋商場 (非住宅),19/07/2020,1817
油尖旺,文遜大廈 (非住宅),19/07/2020,1833
黃大仙,崇齡街19-21號 (非住宅),19/07/2020,1834
觀塘,牛頭角街巿 (非住宅),19/07/2020,1853
荃灣,兆和街16號 全記點心專門店 (非住宅),19/07/2020,1856
觀塘,淘大商場3期 (非住宅),19/07/2020,1856
觀塘,Megabox 竹虎京堂 (非住宅),19/07/2020,1856
灣仔,賽馬會總部大樓 (非住宅),19/07/2020,1860
元朗,形點I (非住宅),19/07/2020,1879
觀塘,牛頭角公廁浴室 (非住宅),19/07/2020,1884
黃大仙,彩雲商場 大快活 (非住宅),19/07/2020,1903
深水埗,福華街157號 (非住宅),19/07/2020,1904
觀塘,坪石邨鑽石樓 (非住宅),19/07/2020,1904
油尖旺,香港喜來登酒店 (非住宅),19/07/2020,1910
九龍城,九龍城市政大廈 (非住宅),19/07/2020,1918
沙田,隆亨社區中心 (非住宅),19/07/2020,1920
觀塘,宏利金融中心Ａ座 (非住宅),19/07/2020,1920
灣仔,木蘭苑 金鑽名軒 (非住宅),19/07/2020,1925
深水埗,海麗商場 (非住宅),19/07/2020,1928
九龍城,民泰街7號 印尼沙爹屋 (非住宅),19/07/2020,1971
沙田,美林商場 大家樂 (非住宅),19/07/2020,1978
沙田,頌安商場 大家樂 (非住宅),19/07/2020,1979
葵青,青衣城 天丼 (非住宅),19/07/2020,1996
深水埗,百老匯街73號 京都薈 (非住宅),19/07/2020,2089
元朗,元朗廣場 牛一 (非住宅),19/07/2020,2092
九龍城,九龍城廣場 大快活 (非住宅),19/07/2020,2103
九龍城,愛民廣場 百份百餐廳 (非住宅),19/07/2020,2110
屯門,山景商場 大家樂 (非住宅),19/07/2020,2155
屯門,山景商場 雲貴軒米線專門店 (非住宅),19/07/2020,2155
灣仔,莊士頓大樓 (非住宅),19/07/2020,2164
北區,龍豐花園 唐記包點 (非住宅),19/07/2020,2178
北區,順欣花園 (非住宅),19/07/2020,2178
北區,龍琛路16號 (非住宅),19/07/2020,2179
葵青,長發廣場 意樂餐廳 (非住宅),19/07/2020,2184
深水埗,新北河大樓 麥當勞 (非住宅),19/07/2020,2186
中西區,太古廣場 Kokomi (非住宅),19/07/2020,2193
油尖旺,旺角街市 (非住宅),19/07/2020,2195
屯門,掃管笏村129號 (非住宅),19/07/2020,2226
油尖旺,朗豪坊 美食廣場 (非住宅),19/07/2020,2236
中西區,港鐵中環站 (非住宅),19/07/2020,2249
荃灣,荃灣千色匯 II (非住宅),19/07/2020,2263
荃灣,悅來坊 必勝客 (非住宅),19/07/2020,2263
東區,電氣道市政大廈 (非住宅),19/07/2020,2276
屯門,海趣坊 稻香 (非住宅),19/07/2020,2288
觀塘,合和大廈 (非住宅),19/07/2020,2308
大埔,大埔超級城 (非住宅),19/07/2020,2357
九龍城,紅磡廣場 (非住宅),19/07/2020,2360
油尖旺,現時點 (非住宅),19/07/2020,2398
油尖旺,信和中心 (非住宅),19/07/2020,2398
屯門,利景樓 嘉麗園潮州粉麵餐廳 (非住宅),19/07/2020,2400
九龍城,黃埔新天地第5及6期 (非住宅),19/07/2020,2494
沙田,大圍街市 (非住宅),19/07/2020,2583
屯門,蝴蝶廣場 太興 (非住宅),19/07/2020,2600
元朗,教育路 麗聲冰室 (非住宅),19/07/2020,2600
觀塘,鯉魚門市政大廈 (非住宅),19/07/2020,2656
油尖旺,朗豪坊 (非住宅),19/07/2020,"1297, 1641, 2008, 2186"
黃大仙,彩雲商場 (非住宅),19/07/2020,"1361, 1401, 1767, 2379"
黃大仙,牛池灣市政大廈 (非住宅),19/07/2020,"1371, 1388, 1389, 1394, 1467, 1468, 1523, 1597, 1671, 1710, 1767, 1834, 1854, 2094"
黃大仙,永發大廈 (非住宅),19/07/2020,"1487, 1832, 1956, 2380"
觀塘,瑞和街市政大廈 (非住宅),19/07/2020,"1512, 1672, 1802, 1884, 2124"
黃大仙,竹園商場 (非住宅),19/07/2020,"1547, 1750, 1939, 2104"
油尖旺,家樂坊 (非住宅),19/07/2020,"1610, 1640, 1875, 2027, 2186, 2652"
南區,東華三院賽馬會松朗安老綜合中心 (非住宅),19/07/2020,"1691, 1708, 1908"
黃大仙,華基大樓 (非住宅),19/07/2020,"1720, 2380"
屯門,愛定商場 (非住宅),19/07/2020,"1763, 1894, 2168"
九龍城,何文田廣場 (非住宅),19/07/2020,"1780, 2476"
觀塘,成業工業大廈 海潮食堂 (非住宅),19/07/2020,"1792, 2011"
離島,東薈城 (非住宅),19/07/2020,"1879, 2012"
西貢,北港濾水廠 (非住宅),19/07/2020,"1949, 1976"
屯門,山景商場 一粥麵 (非住宅),19/07/2020,"2005, 2155"
北區,粉嶺中心 翠河餐廳 (非住宅),19/07/2020,"2053, 2072"
葵青,青衣市政大廈 (非住宅),19/07/2020,"2137, 2648"
北區,龍豐花園商場 (非住宅),19/07/2020,"2157, 2178"
九龍城,啟朗苑 百份百餐廳 (非住宅),19/07/2020,"2164, 2300"
東區,北角匯 (非住宅),20/07/2020,1888
深水埗,冠奇大廈 阿明印尼餐廳 (非住宅),20/07/2020,1926
深水埗,南廬大廈 (非住宅),20/07/2020,1927
深水埗,元州商場 金滿都越南餐廳 (非住宅),20/07/2020,1927
沙田,利安商場 (非住宅),20/07/2020,1932
油尖旺,希爾頓大廈 (非住宅),20/07/2020,1945
觀塘,宏天廣場 (非住宅),20/07/2020,1959
油尖旺,奧海城一期 大家樂 (非住宅),20/07/2020,1979
油尖旺,廣富大廈 旺角88 (非住宅),20/07/2020,1980
西貢,尚德邨尚仁樓 (非住宅),20/07/2020,1983
中西區,干諾道西118號 (非住宅),20/07/2020,2001
沙田,希爾頓中心 (非住宅),20/07/2020,2012
沙田,好運中心 唐記包點 (非住宅),20/07/2020,2012
荃灣,荃威花園商場1期 (非住宅),20/07/2020,2024
九龍城,黃埔花園 麥當勞 (非住宅),20/07/2020,2025
深水埗,美孚新邨三期 (非住宅),20/07/2020,2042
北區,龍豐花園商場 豐泰牛雜專家 (非住宅),20/07/2020,2078
北區,天平邨天明樓 (非住宅),20/07/2020,2078
大埔,昌運中心 麥當勞 (非住宅),20/07/2020,2090
大埔,大元商場 (非住宅),20/07/2020,2090
沙田,瀝源邨貴和樓 (非住宅),20/07/2020,2103
屯門,屯門時代廣場北翼 (非住宅),20/07/2020,2153
北區,新成路107號 皇牌冰室 (非住宅),20/07/2020,2157
九龍城,土木工程拓展署大樓 (非住宅),20/07/2020,2159
荃灣,One Midtown (非住宅),20/07/2020,2204
黃大仙,黃大仙中心北館 (非住宅),20/07/2020,2214
屯門,黃金海岸商場 (非住宅),20/07/2020,2226
東區,太古坊1座 (非住宅),20/07/2020,2242
離島,機場警署 (非住宅),20/07/2020,2264
荃灣,新界南總區警察總部 (非住宅),20/07/2020,2264
九龍城,何文田廣場 明星海鮮燒鵝專門店 (非住宅),20/07/2020,2282
屯門,金蘭閣 (非住宅),20/07/2020,2288
元朗,雅珊園 德福海鮮酒家 (非住宅),20/07/2020,2315
深水埗,港鐵南昌站 (非住宅),20/07/2020,2325
北區,榮輝中心 (非住宅),20/07/2020,2357
屯門,新都大廈 (非住宅),20/07/2020,2377
屯門,屯門碼頭 (非住宅),20/07/2020,2377
灣仔,稅務大樓 (非住宅),20/07/2020,2379
觀塘,瑞其樓 (非住宅),20/07/2020,2380
油尖旺,好望角大廈 麥當勞 (非住宅),20/07/2020,2476
南區,置富南區廣場 必勝客 (非住宅),20/07/2020,2485
沙田,第一城站 (非住宅),20/07/2020,2491
西貢,東港城 Mee…Lemongrass (非住宅),20/07/2020,2494
油尖旺,港晶中心 (非住宅),20/07/2020,2498
葵青,大鴻輝(葵涌)中心 (非住宅),20/07/2020,2509
黃大仙,萬廸廣場 (非住宅),20/07/2020,2572
九龍城,侯王道25號 (非住宅),20/07/2020,2613
油尖旺,長樂街26號 (非住宅),20/07/2020,2615
油尖旺,凱豪商業中心 譚仔雲南米線 (非住宅),20/07/2020,2642
葵青,長青邨青槐樓 (非住宅),20/07/2020,2648
深水埗,青山道273號 (非住宅),20/07/2020,2652
油尖旺,鑽石樓 新廣南餐室 (非住宅),20/07/2020,2681
油尖旺,旺角中心第1座 (非住宅),20/07/2020,"1315, 1512, 1845, 2010"
葵青,荃灣帝盛酒店 (非住宅),20/07/2020,"1464, 1938"
黃大仙,毓華街58號 (非住宅),20/07/2020,"1477, 1679, 2259"
油尖旺,旺角維景酒店 海港酒家 (非住宅),20/07/2020,"1483, 1768, 1799, 1906, 1919, 1951, 2090, 2728"
九龍城,土瓜灣市政大廈暨政府合署 (非住宅),20/07/2020,"1498, 1620, 1716, 1754, 2265, 2296"
深水埗,長沙灣政府合署 (非住宅),20/07/2020,"1501, 1890, 2128"
黃大仙,錦安樓 (非住宅),20/07/2020,"1519, 1521, 1539, 2114, 2121, 2653"
北區,聯和墟市政大廈 (非住宅),20/07/2020,"1568, 2167, 2357"
黃大仙,新光中心 富臨皇宮 (非住宅),20/07/2020,"1598, 2298"
油尖旺,嘉賓商業大廈 (非住宅),20/07/2020,"1681, 1839, 2276"
黃大仙,富池徑1號 (非住宅),20/07/2020,"1831, 2113"
元朗,合益街市 (非住宅),20/07/2020,"1857, 2084"
黃大仙,Mikiki (非住宅),20/07/2020,"1914, 2010"
黃大仙,啟德花園購物商場 (非住宅),20/07/2020,"1962, 2010"
九龍城,晴朗商場 太子美食 (非住宅),20/07/2020,"2109, 2110, 2164"
荃灣,悅來坊 肯德基 (非住宅),20/07/2020,"2263, 2447"
油尖旺,嘉齡樓 澳門咖喱王新鮮腩 (非住宅),20/07/2020,"2276, 2642"
油尖旺,誠興樓 新森林焗之專門店 (非住宅),20/07/2020,"2276, 2642"
油尖旺,銀城廣場 (非住宅),20/07/2020,"2289, 2476"
東區,樂融軒 明星金閣海鮮酒家 (非住宅),21/07/2020,1998
屯門,愛定商場 大家樂 (非住宅),21/07/2020,2015
屯門,愛定商場 大快活 (非住宅),21/07/2020,2015
屯門,愛定商場 彩晶軒 (非住宅),21/07/2020,2015
油尖旺,新九龍廣場 (非住宅),21/07/2020,2016
油尖旺,奧海城2期 (非住宅),21/07/2020,2016
葵青,葵盛東商場 (非住宅),21/07/2020,2023
九龍城,黃埔花園 肯德基 (非住宅),21/07/2020,2025
中西區,東昌大廈 (非住宅),21/07/2020,2026
灣仔,禮頓中心 (非住宅),21/07/2020,2026
觀塘,鯉魚門廣場 大快活 (非住宅),21/07/2020,2030
油尖旺,創興廣場 (非住宅),21/07/2020,2070
大埔,匡智會總辦事處 (非住宅),21/07/2020,2077
大埔,大埔超級城 Cafe Polanka (非住宅),21/07/2020,2077
深水埗,香港城市大學楊建文學術樓 (非住宅),21/07/2020,2080
深水埗,香港城市大學中國銀行(香港)綜合樓 城大食坊 (非住宅),21/07/2020,2080
元朗,興發大樓 麥當勞 (非住宅),21/07/2020,2092
元朗,嘉城大廈 (非住宅),21/07/2020,2092
元朗,元朗廣場 麥當勞 (非住宅),21/07/2020,2092
深水埗,V Walk (非住宅),21/07/2020,2111
屯門,大興商場 (非住宅),21/07/2020,2119
屯門,屯門時代廣場 越棧 (非住宅),21/07/2020,2119
葵青,石籬商場(第1期) (非住宅),21/07/2020,2127
油尖旺,文華樓 蛇王如冰室 (非住宅),21/07/2020,2142
屯門,雅都花園 (非住宅),21/07/2020,2177
北區,彩園廣場 麥當勞 (非住宅),21/07/2020,2180
沙田,置富第一城 麥當勞 (非住宅),21/07/2020,2180
沙田,希爾頓中心 麥當勞 (非住宅),21/07/2020,2180
北區,金誠樓 麥當勞 (非住宅),21/07/2020,2180
沙田,沙田中心 麥當勞 (非住宅),21/07/2020,2180
沙田,沙田商業中心 麥當勞 (非住宅),21/07/2020,2180
大埔,太和廣場 麥當勞 (非住宅),21/07/2020,2180
黃大仙,黃大仙中心 麥當勞 (非住宅),21/07/2020,2180
北區,海聯廣場 麥當勞 (非住宅),21/07/2020,2180
大埔,新達廣場 麥當勞 (非住宅),21/07/2020,2180
油尖旺,白普理大廈 (非住宅),21/07/2020,2187
屯門,黃金海岸商場 太平洋咖啡 (非住宅),21/07/2020,2226
屯門,黃金海岸商場 麥當勞 (非住宅),21/07/2020,2226
東區,友邦廣場 星巴克咖啡 (非住宅),21/07/2020,2236
沙田,恆安商場 (非住宅),21/07/2020,2267
沙田,馬鞍山廣場 大快活 (非住宅),21/07/2020,2267
深水埗,荔枝角道336號 (非住宅),21/07/2020,2292
黃大仙,永利樓 翁記上海館 (非住宅),21/07/2020,2298
深水埗,廣發唐樓 (非住宅),21/07/2020,2342
北區,粉嶺名都商場 (非住宅),21/07/2020,2355
北區,粉嶺名都商場 大家樂 (非住宅),21/07/2020,2355
中西區,卑路乍街125號 (非住宅),21/07/2020,2361
西貢,港鐵寶琳站 (非住宅),21/07/2020,2369
元朗,洪福商場 麥當勞 (非住宅),21/07/2020,2398
東區,明報工業中心B座 (非住宅),21/07/2020,2402
油尖旺,港威大廈1座 (非住宅),21/07/2020,2433
油尖旺,金雞廣場 (非住宅),21/07/2020,2551
九龍城,黃埔天地百合苑商場 大家樂 (非住宅),21/07/2020,2642
灣仔,經信商業大廈 (非住宅),21/07/2020,2658
觀塘,淘大花園2期 (非住宅),21/07/2020,2681
觀塘,喜鵲樓 祥榮茶冰廳 (非住宅),21/07/2020,2681
觀塘,貴顯樓 譚仔雲南米線 (非住宅),21/07/2020,2681
觀塘,德福廣場1期 美心Food2 (非住宅),21/07/2020,2681
油尖旺,始創中心 (非住宅),21/07/2020,2717
灣仔,世貿中心 (非住宅),21/07/2020,2768
沙田,水泉澳廣場 (非住宅),21/07/2020,"1294, 1382, 1384, 1385, 2101"
西貢,將軍澳中心(商場) (非住宅),21/07/2020,"1375, 1437, 1465, 1592, 2627"
西貢,彩明商場 (非住宅),21/07/2020,"1594, 2627"
西貢,尚德廣場 (非住宅),21/07/2020,"1596, 1861, 1983, 2066"
黃大仙,廣發大廈 (非住宅),21/07/2020,"1639, 1862, 2187"
屯門,屯門中央廣場 富臨酒家 (非住宅),21/07/2020,"1739, 1740, 1743, 1783, 1951, 1952, 1988, 1993, 1998, 2017, 2083, 2170, 2280, 2308, 2315, 2374, 2381, 2492, 2685, 2763, 2875, 2932"
屯門,友愛街市 (非住宅),21/07/2020,"1763, 2015"
屯門,海趣坊 (非住宅),21/07/2020,"1797, 2153"
元朗,勤業樓 (非住宅),21/07/2020,"1858, 2315"
觀塘,秀茂坪商場 (非住宅),21/07/2020,"1863, 1865, 1897, 2031, 2035, 2071, 2623"
觀塘,鯉魚門廣場 (非住宅),21/07/2020,"1868, 2656"
北區,粉嶺中心 (非住宅),21/07/2020,"1975, 2053, 2357"
北區,上水廣場 (非住宅),21/07/2020,"1989, 2157"
東區,英皇道625號 (非住宅),21/07/2020,"2027, 2204"
屯門,屯門市廣場 (非住宅),21/07/2020,"2153, 2192, 2226, 2319"
屯門,景峰花園商場 (非住宅),21/07/2020,"2590, 2592"
中西區,聖嘉勒女書院 (非住宅),22/07/2020,2030
離島,諾富特東薈城酒店 (非住宅),22/07/2020,2087
西貢,白沙灣112號 Padstow Restaurant & Bar (非住宅),22/07/2020,2099
油尖旺,砵蘭街383A號 (非住宅),22/07/2020,2099
油尖旺,基隆街64號 (非住宅),22/07/2020,2099
九龍城,新城中心4座 (非住宅),22/07/2020,2099
灣仔,水星街23號 NOC Coffee Co. (非住宅),22/07/2020,2099
沙田,海澄軒海景酒店 (非住宅),22/07/2020,2099
中西區,國際金融中心商場 Duck & Waffle (非住宅),22/07/2020,2099
深水埗,金百盛中心 (非住宅),22/07/2020,2099
沙田,利達工業中心 伙食工業 (非住宅),22/07/2020,2099
沙田,新城市廣場 L.D.K. by Ufufu Café (非住宅),22/07/2020,2099
油尖旺,帝京酒店 (非住宅),22/07/2020,2099
西貢,TKO Gateway Food Lane (非住宅),22/07/2020,2099
沙田,威力工業中心 (非住宅),22/07/2020,2099
西貢,煜明苑焜明閣 (非住宅),22/07/2020,2099
中西區,石板街酒店 Gradini意大利餐廳 (非住宅),22/07/2020,2109
九龍城,寶石戲院大廈A座 (非住宅),22/07/2020,2121
黃大仙,彩輝邨 (非住宅),22/07/2020,2135
沙田,美田商場 (非住宅),22/07/2020,2136
深水埗,青山道258號 (非住宅),22/07/2020,2140
荃灣,悅來酒店 (非住宅),22/07/2020,2141
油尖旺,創興廣場 盈館 (非住宅),22/07/2020,2148
沙田,樓上集團中心 (非住宅),22/07/2020,2150
九龍城,富高工業中心 (非住宅),22/07/2020,2152
屯門,雅都商場 (非住宅),22/07/2020,2154
屯門,翠林花園商場 (非住宅),22/07/2020,2154
葵青,禎昌工業大廈 (非住宅),22/07/2020,2156
元朗,天瑞廣場 大師傅粥品 (非住宅),22/07/2020,2172
屯門,時代廣場 大快活 (非住宅),22/07/2020,2172
元朗,同益街市 (非住宅),22/07/2020,2172
油尖旺,美麗華廣場2期 葡匯咪走雞葡國餐廳 (非住宅),22/07/2020,2175
屯門,V City 羅麥記 (非住宅),22/07/2020,2176
屯門,V City 謝謝儂 (非住宅),22/07/2020,2176
北區,行樂坊 (非住宅),22/07/2020,2179
元朗,天耀一邨耀逸樓 (非住宅),22/07/2020,2208
元朗,唐人新村路1號 唐 (非住宅),22/07/2020,2213
荃灣,麗城花園第1期 (非住宅),22/07/2020,2225
中西區,上環市政大廈 (非住宅),22/07/2020,2225
中西區,信德中心西座 (非住宅),22/07/2020,2225
東區,東豪大廈 (非住宅),22/07/2020,2225
油尖旺,山東街88號 門角 (非住宅),22/07/2020,2234
深水埗,美孚新邨六期 (非住宅),22/07/2020,2267
北區,粉嶺名都商場 海皇粥店 (非住宅),22/07/2020,2357
西貢,西貢街市 (非住宅),22/07/2020,2359
油尖旺,立信大廈 (非住宅),22/07/2020,2376
灣仔,堅拿道西10號 (非住宅),22/07/2020,2387
灣仔,友光大廈 (非住宅),22/07/2020,2387
離島,梅窩消防局 (非住宅),22/07/2020,2391
離島,挪亞方舟 (非住宅),22/07/2020,2391
離島,竹篙灣消防局暨救護站 (非住宅),22/07/2020,2391
中西區,西營盤街市 (非住宅),22/07/2020,2414
屯門,金銘大廈 (非住宅),22/07/2020,2458
屯門,金寶大廈 (非住宅),22/07/2020,2458
葵青,華達工業中心 (非住宅),22/07/2020,2461
中西區,萬邦行 (非住宅),22/07/2020,2485
北區,上水中心購物商場 (非住宅),22/07/2020,2542
西貢,調景嶺港鐵站 (非住宅),22/07/2020,2618
九龍城,愛民廣場 (非住宅),22/07/2020,2641
九龍城,家維邨家興樓 (非住宅),22/07/2020,2650
中西區,威享大廈 (非住宅),22/07/2020,2768
東區,箕灣道114號 (非住宅),22/07/2020,2788
東區,祥利工業大廈 (非住宅),22/07/2020,2788
西貢,德隆後街20號 (非住宅),22/07/2020,2802
深水埗,北河街街市及熟食中心 (非住宅),22/07/2020,"1435, 1558, 1980, 1997, 2234"
沙田,新翠商場 (非住宅),22/07/2020,"1536, 2075, 2294"
西貢,TKO街市 (非住宅),22/07/2020,"1590, 2123, 2330"
深水埗,又一城 (非住宅),22/07/2020,"1594, 1699, 1786, 1896, 2099"
荃灣,楊屋道市政大廈 (非住宅),22/07/2020,"1652, 1859, 2196, 2239"
沙田,顯徑商場 (非住宅),22/07/2020,"1666, 2306, 2310"
油尖旺,港威商場 cookedDeli by city'super (非住宅),22/07/2020,"1746, 1771, 2227"
西貢,東港城 (非住宅),22/07/2020,"1751, 2099, 2140, 2330"
深水埗,石硤尾邨商場 (非住宅),22/07/2020,"1813, 1881, 1927, 2067, 2418"
葵青,葵涌廣場 (非住宅),22/07/2020,"1820, 1996, 2332, 2465"
大埔,大埔綜合大樓 (非住宅),22/07/2020,"1942, 1999, 2120"
東區,西灣河市政大廈 (非住宅),22/07/2020,"2200, 2788"
離島,大嶼山收費廣場行政大樓 (非住宅),22/07/2020,"2208, 2392"
黃大仙,現崇山商場 (非住宅),22/07/2020,"2214, 2240"
灣仔,香港銅鑼灣皇冠假日酒店 (非住宅),23/07/2020,2059
北區,華明商場 皇庭匯 (非住宅),23/07/2020,2264
灣仔,銅鑼灣廣埸二期 (非住宅),23/07/2020,2268
灣仔,修頓中心 (非住宅),23/07/2020,2268
元朗,同樂街22號 (非住宅),23/07/2020,2286
元朗,豐興樓 (非住宅),23/07/2020,2286
元朗,合益廣場 (非住宅),23/07/2020,2286
九龍城,德裕閣 甜麥麥麵包西餅 (非住宅),23/07/2020,2296
離島,長洲消防局 (非住宅),23/07/2020,2309
離島,國泰航空貨運站 (非住宅),23/07/2020,2314
油尖旺,東海商業中心 (非住宅),23/07/2020,2345
東區,健康村2期 (非住宅),23/07/2020,2347
大埔,汀角路第6約1211S.D.地段大南樓 (非住宅),23/07/2020,2351
中西區,華懋廣場II期 (非住宅),23/07/2020,2389
大埔,汀角樓 (非住宅),23/07/2020,2394
觀塘,官塘立成大廈 大師傅粥品 (非住宅),23/07/2020,2450
深水埗,青山道152A號 德記粉麵茶餐廳 (非住宅),23/07/2020,2483
深水埗,新高登電腦廣場 (非住宅),23/07/2020,2483
屯門,啟豐商場 (非住宅),23/07/2020,2492
觀塘,牛頭角市政大廈 (非住宅),23/07/2020,2578
深水埗,億京廣場 (非住宅),23/07/2020,2617
深水埗,金華大廈 (非住宅),23/07/2020,2686
深水埗,同德大廈 (非住宅),23/07/2020,2686
荃灣,荃豐中心 (非住宅),23/07/2020,2689
西貢,普通道14號A 永和海鮮酒家 (非住宅),23/07/2020,2802
黃大仙,慈雲山中心 (非住宅),23/07/2020,"1311, 1312, 1404, 1444, 1477, 1491, 1507, 1508, 1520, 1538, 1549, 1555, 1556, 1564, 1565, 1570, 1579, 1583, 1586, 1588, 1601, 1603, 1604, 1622, 1637, 1643, 1667, 1669, 1680, 1683, 1698, 1702, 1703, 1705, 1709, 1719, 1720, 1744, 1757, 1761, 1773, 1775, 1779, 1786, 1819, 1845, 1862, 1896, 1902, 1944, 1956, 1959, 1963, 2006, 2121, 2122, 2123, 2130, 2187, 2237, 2259,2273, 2285, 2298, 2321, 2380, 2428"
黃大仙,大成街街市 (非住宅),23/07/2020,"1439,1599, 1618, 1757, 1914, 2423, 2792"
屯門,新墟街市 (非住宅),23/07/2020,"1471, 1561, 1907,1931, 2154, 2381, 2458, 2598"
元朗,大橋街市 (非住宅),23/07/2020,"1471, 1561, 2286"
黃大仙,慈正商場2期 (非住宅),23/07/2020,"1552, 1662, 2345"
油尖旺,香港九龍諾富特酒店 (非住宅),23/07/2020,"1633, 2441"
觀塘,德福廣場 (非住宅),23/07/2020,"1710, 2044, 2345"
九龍城,紅磡市政大廈 (非住宅),23/07/2020,"1723, 1760, 1765, 1965, 2116, 2296, 2316, 2341"
北區,石湖墟市政大廈 (非住宅),23/07/2020,"1947, 1989, 2053, 2072, 2179, 2284,2393, 2576"
沙田,美林商場 翠河餐廳 (非住宅),23/07/2020,"1978, 2348, 2453"
屯門,卓爾廣場 (非住宅),23/07/2020,"2177, 2598"
葵青,下葵涌分科診所及特殊教育服務中心 (非住宅),23/07/2020,"2261, 2262, 2600, 2878, 2919"
沙田,美林商場 (非住宅),23/07/2020,"2348, 2453"
觀塘,創紀之城3期 (非住宅),23/07/2020,"2396, 2434, 2535, 2635, 2720, 2742, 2822, 2854, 2894, 2927, 2953, 2982"
中西區,中環李錦記 (非住宅),23/07/2020,"2418, 2419"
九龍城,怡安閣 (非住宅),23/07/2020,"2476, 2722"
沙田,新城市廣場1期 鼎泰豐 (非住宅),23/07/2020,台灣衛生福利部疾病管制署通報的個案
葵青,青衣市場 (非住宅),24/07/2020,2389
九龍城,龍珠樓 (非住宅),24/07/2020,2401
元朗,偉記燒烤樂園 (非住宅),24/07/2020,2410
屯門,卓爾廣場 大快活 (非住宅),24/07/2020,2421
觀塘,啟業商場 翠河餐廳 (非住宅),24/07/2020,2446
深水埗,西九龍中心 (非住宅),24/07/2020,2482
觀塘,裕民中心 名門讌客 (非住宅),24/07/2020,2496
北區,聯和市場 (非住宅),24/07/2020,2548
灣仔,百利保廣場 鼎泰豐 (非住宅),24/07/2020,2584
油尖旺,嘉美樓 (非住宅),24/07/2020,2615
北區,香港耀能協會賽馬會白普理華心護康中心 (非住宅),24/07/2020,2633
灣仔,卓信商業大廈 祥興記上海生煎包 (非住宅),24/07/2020,2650
中西區,錦甡大廈 (非住宅),24/07/2020,2656
屯門,大興邨興泰樓附翼大厦 (非住宅),24/07/2020,2685
屯門,屯門警署 (非住宅),24/07/2020,2686
北區,華明邨信明樓地下及一樓一號 (非住宅),24/07/2020,2698
元朗,兆豐樓 (非住宅),24/07/2020,2722
沙田,帝都酒店 (非住宅),24/07/2020,2882
灣仔,入境事務大樓 (非住宅),24/07/2020,"1542, 1584, 1765, 2104, 2134, 2448"
深水埗,北河街市政大廈 (非住宅),24/07/2020,"1557, 1608, 1611, 1808, 1852, 1905, 1926, 1927, 2056, 2057, 2140, 2186, 2283, 2292, 2482"
九龍城,晴朗商場 (非住宅),24/07/2020,"1695, 2109, 2164, 2448"
觀塘,麗晶商場 大快活 (非住宅),24/07/2020,"1808, 2448"
觀塘,啟業商場 (非住宅),24/07/2020,"1809, 1836, 2446"
中西區,歐陸貿易中心 (非住宅),24/07/2020,"2143, 2522"
深水埗,長沙灣保安道街市 (非住宅),24/07/2020,"2234, 2410"
九龍城,土瓜灣街市 (非住宅),24/07/2020,"2338, 2496"
油尖旺,鴻祥大廈 囍運冰室 (非住宅),24/07/2020,"2386, 2689"
屯門,屯門濾水廠 (非住宅),24/07/2020,"2421, 2615"
沙田,積富街89號 (非住宅),24/07/2020,"2433, 2583"
觀塘,秀茂坪商場 大家樂 (非住宅),24/07/2020,"2440, 2449"
南區,香港大學大學堂宿舍 (非住宅),24/07/2020,"2485, 2561"
觀塘,順利紀律部隊宿舍商場 (非住宅),24/07/2020,"2494, 2496"
北區,蓬瀛仙館 (非住宅),24/07/2020,"2495, 2717, 2843"
九龍城,世界殯儀館 (非住宅),25/07/2020,2395
南區,香港瑞思酒店 (非住宅),25/07/2020,2485
灣仔,勝意大樓 (非住宅),25/07/2020,2490
荃灣,象山商場 (非住宅),25/07/2020,2509
荃灣,象山邨翠山樓 (非住宅),25/07/2020,2509
西貢,將軍澳廣場 (非住宅),25/07/2020,2537
九龍城,香港電台廣播大廈 (非住宅),25/07/2020,2539
油尖旺,新世紀廣場 Outback Steakhouse (非住宅),25/07/2020,2546
九龍城,峰景軒 (非住宅),25/07/2020,2546
灣仔,合和中心 薈軒 (非住宅),25/07/2020,2559
灣仔,春園大廈 (非住宅),25/07/2020,2559
九龍城,康強大廈 (非住宅),25/07/2020,2569
油尖旺,半島中心 德興酒家 (非住宅),25/07/2020,2572
沙田,隆亨邨善心樓 (非住宅),25/07/2020,2580
深水埗,海關船隊基地 (非住宅),25/07/2020,2597
東區,海寧大廈 (非住宅),25/07/2020,2658
東區,譽都 (非住宅),25/07/2020,2677
荃灣,荃灣街市 (非住宅),25/07/2020,2686
荃灣,大鴻輝(荃灣)中心 (非住宅),25/07/2020,2878
屯門,賽馬會屯門盲人安老院 (非住宅),25/07/2020,2970
大埔,昌運中心 (非住宅),25/07/2020,"1806, 2090, 2617"
灣仔,養和醫院 (非住宅),25/07/2020,"1848, 2181,2468, 2522, 2559"
九龍城,黃埔號 (非住宅),25/07/2020,"1848, 2539"
西貢,TKO Gateway (非住宅),25/07/2020,"1983, 2572"
西貢,富康花園商場 (非住宅),25/07/2020,"2066, 2537"
油尖旺,南洋中心 百樂門宴會廳 (非住宅),25/07/2020,"2083, 2170, 2572"
油尖旺,雅蘭中心 (非住宅),25/07/2020,"2164, 2574"
深水埗,東蘭閣 龍寶酒家 (非住宅),25/07/2020,"2201, 2358"
葵青,青衣南消防局 (非住宅),25/07/2020,"2391, 2496, 2723"
北區,上水屠房 (非住宅),25/07/2020,"2671, 2770, 2806, 2849, 2952"
油尖旺,金麗閣 (非住宅),25/07/2020,台灣衛生福利部疾病管制署通報的個案
東區,新都城大廈 (非住宅),26/07/2020,2658
東區,兆寶大廈 (非住宅),26/07/2020,2743
黃大仙,彩虹邨金碧樓 (非住宅),26/07/2020,"1612, 1671, 2009, 2032, 2766"
黃大仙,樂富廣場 (非住宅),26/07/2020,"1695, 1774, 2191, 2786, 2792"
沙田,隆亨邨榮心樓 (非住宅),26/07/2020,"2052, 2224, 2795, 2882"
九龍城,翔龍灣廣場 (非住宅),27/07/2020,2333
灣仔,駱克道151號 (非住宅),27/07/2020,2857
灣仔,鵝頸街市 (非住宅),27/07/2020,2857
黃大仙,香港九龍貝爾特酒店 (非住宅),27/07/2020,2882
北區,華明邨信明樓 (非住宅),27/07/2020,2991
屯門,黃家圍一台104、105、106、107、114、115地下及112-113號 (非住宅),27/07/2020,"2254, 2543, 2586, 2938, 2975"
